47,59,2,"<i>D. areolatus</i> head: lateral","0000-00-00 00:00:00","2004-11-08 10:32:21",""
47,63,5,"<i>D. crawfordi</i> habitus: lateral","0000-00-00 00:00:00","2004-11-08 10:32:21",""
47,64,1,"<i>D. crawfordi</i> head: lateral oblique","0000-00-00 00:00:00","2004-11-08 10:32:21",""
47,65,6,"<i>D. toxotrypanae</i> habitus: lateral","0000-00-00 00:00:00","2004-11-08 10:32:21",""
47,67,3,"<i>D. areolatus</i> fore wing","0000-00-00 00:00:00","2004-11-08 10:32:21",""
47,68,4,"<i>D. areolatus</i> hind wing","0000-00-00 00:00:00","2004-11-08 10:32:21",""
54,19,1,"<i>Tetrastichus giffardii</i> fore wing, right","0000-00-00 00:00:00","2004-11-08 10:32:21",""
62,52,3,"<i>D. areolatus</i> labrum: anterior","0000-00-00 00:00:00","2004-11-08 10:32:21",""
62,53,2,"<i>D. areolatus</i> face: anterior","0000-00-00 00:00:00","2004-11-08 10:32:21",""
62,54,7,"<i>D. areolatus</i> fore wing","0000-00-00 00:00:00","2004-11-08 10:32:21",""
62,55,8,"<i>D. areolatus</i> hind wing","0000-00-00 00:00:00","2004-11-08 10:32:21",""
62,56,1,"<i>D. areolatus</i> habitus: lateral","0000-00-00 00:00:00","2004-11-08 10:32:21",""
62,57,6,"<i>D. areolatus</i> leg","0000-00-00 00:00:00","2004-11-08 10:32:21",""
62,58,5,"<i>D. areolatus</i> propodeum: anterior","0000-00-00 00:00:00","2004-11-08 10:32:21",""
62,59,4,"<i>D. areolatus</i> head: lateral","0000-00-00 00:00:00","2004-11-08 10:32:21",""
68,143,4,"<i>P. lounsburyi</i> thorax: dorsal","0000-00-00 00:00:00","2004-11-08 10:32:21",""
68,144,2,"<i>P. lounsburyi</i> face: anterior","0000-00-00 00:00:00","2004-11-08 10:32:21",""
68,145,3,"<i>P. lounsburyi</i> face: anteroventral","0000-00-00 00:00:00","2004-11-08 10:32:21",""
68,146,1,"<i>P. lounsburyi</i> habitus: lateral","0000-00-00 00:00:00","2004-11-08 10:32:21",""
68,147,5,"<i>P. lounsburyi</i> abdomen: lateral","0000-00-00 00:00:00","2004-11-08 10:32:21",""
68,148,6,"<i>P. lounsburyi</i> abdomen: lateral","0000-00-00 00:00:00","2004-11-08 10:32:21",""
76,56,8,"<i>D. areolatus</i> habitus: lateral","0000-00-00 00:00:00","2004-11-08 10:32:21",""
76,58,1,"<i>D. areolatus</i> propodeum: dorsal","0000-00-00 00:00:00","2004-11-08 10:32:21",""
76,60,5,"<i>D. brasiliensis</i> habitus: dorsal","0000-00-00 00:00:00","2004-11-08 10:32:21",""
76,61,9,"<i>D. crawfordi</i> face: anterior","0000-00-00 00:00:00","2005-01-23 18:42:21",""
76,63,7,"<i>D. crawfordi</i> habitus: lateral","0000-00-00 00:00:00","2004-11-08 10:32:21",""
76,64,10,"<i>D. crawfordi</i> head: lateral oblique","0000-00-00 00:00:00","2005-01-23 18:42:33",""
76,65,6,"<i>D. toxotrypanae</i> habitus: lateral","0000-00-00 00:00:00","2004-11-08 10:32:21",""
76,66,2,"<i>D. toxotrypanae</i> propodeum: dorsal","0000-00-00 00:00:00","2004-11-08 10:32:21",""
76,67,4,"<i>D. areolatus</i> fore wing","0000-00-00 00:00:00","2004-11-08 10:32:21",""
76,69,3,"<i>D. zeteki</i> habitus: lateral","0000-00-00 00:00:00","2004-11-08 10:32:21",""
78,90,1,"<i>A. pelleranoi</i> female, habitus: lateral","0000-00-00 00:00:00","2004-11-08 10:32:21",""
78,91,2,"<i>A. pelleranoi</i> male, habitus: lateral","0000-00-00 00:00:00","2004-11-08 10:32:21",""
78,92,3,"<i>A. pelleranoi</i> scutellum: lateral","0000-00-00 00:00:00","2004-11-08 10:32:21",""
78,93,4,"<i>A. pelleranoi</i> scutellum: dorsal","0000-00-00 00:00:00","2004-11-08 10:32:21",""
78,94,5,"<i>A. pelleranoi</i> wing 1","0000-00-00 00:00:00","2004-11-08 10:32:21",""
78,95,6,"<i>A. pelleranoi</i> wing 2","0000-00-00 00:00:00","2004-11-08 10:32:21",""
91,48,1,"<i>Asobara</i> sp. fore wing","0000-00-00 00:00:00","2005-02-03 15:21:58",""
93,22,2,"<i>D. fullawayi</i> thorax: dorsal oblique","0000-00-00 00:00:00","2004-11-08 10:32:21",""
93,23,1,"<i>D. fullawayi</i> habitus: lateral","0000-00-00 00:00:00","2004-11-08 10:32:21",""
93,24,3,"<i>D. fullawayi</i> thorax: dorsal","0000-00-00 00:00:00","2004-11-08 10:32:21",""
93,27,8,"<i>D. longicaudata</i> abdomen: lateral (dark)","0000-00-00 00:00:00","2004-11-08 10:32:21",""
93,32,5,"<i>D. longicaudata</i> face: anterior","0000-00-00 00:00:00","2004-11-08 10:32:21",""
93,34,4,"<i>D. longicaudata</i> habitus: lateral","0000-00-00 00:00:00","2004-11-08 10:32:21",""
93,36,7,"<i>D. longicaudata</i> thorax: dorsal oblique","0000-00-00 00:00:00","2004-11-08 10:32:21",""
93,37,6,"<i>D. longicaudata</i> thorax: dorsal","0000-00-00 00:00:00","2004-11-08 10:32:21",""
93,38,10,"<i>D. longicaudata</i> hind wing","0000-00-00 00:00:00","2004-11-08 10:32:21",""
93,39,9,"<i>D. longicaudata</i> fore wing","0000-00-00 00:00:00","2004-11-08 10:32:21",""
93,40,12,"<i>D. tryoni</i> abdomen: dorsal (note color and lack of striae on T2)","0000-00-00 00:00:00","2004-11-08 10:32:21",""
93,42,11,"<i>D. tryoni</i> habitus: lateral","0000-00-00 00:00:00","2004-11-08 10:32:21",""
93,43,13,"<i>D. tryoni</i> ovipositer (apically sinuate)","0000-00-00 00:00:00","2004-11-08 10:32:21",""
93,59,15,"Opiinae showing occipital carina absent","2007-07-17 16:00:54","2007-07-17 17:01:41","wharton"
93,218,14,"<i>D. fullawayi</i> occipital carina (arrow)","2007-07-17 15:28:58","2007-07-17 16:31:23","wharton"
93,272,16,"<i>D. mellea</i> showing presence of carinae on tergum 2","2007-07-17 16:03:01","2007-07-17 17:04:52","wharton"
93,278,17,"<i>D. juglandis</i> showing absence of carinae on tergum 2","2007-07-17 16:03:42","2007-07-17 17:04:52","wharton"
93,279,18,"<i>D. juglandis</i>","2007-07-17 16:08:50","2007-07-17 17:09:19","wharton"
93,490,20,"<i>D. mellea</i> heavily sculptured sternaulus","2007-07-17 16:11:27","2007-07-17 17:12:05","wharton"
93,491,21,"<i>D. mellea</i> heavily sculptured sternaulus","2007-07-17 16:12:21","2007-07-17 17:12:37","wharton"
93,492,22,"<i>D. sublaevis</i> weakly sculptured sternaulus","2007-07-17 16:12:49","2007-07-17 17:13:23","wharton"
93,560,19,"<i>D. mellea</i>","2007-07-17 16:09:44","2007-07-17 17:10:11","wharton"
94,23,1,"<i>D. fullawayi</i> habitus: lateral","0000-00-00 00:00:00","2004-11-08 10:32:21",""
94,38,3,"<i>D. longicaudata</i> hind wing","0000-00-00 00:00:00","2004-11-08 10:32:21",""
94,39,2,"<i>D. longicaudata</i> fore wing","0000-00-00 00:00:00","2004-11-08 10:32:21",""
104,88,4,"<i>Aganaspis nordlanderi</i> wing","0000-00-00 00:00:00","2005-01-24 19:35:24",""
104,91,14,"<i>Aganaspis pelleranoi</i> habitus: male","0000-00-00 00:00:00","2005-01-24 19:55:09",""
104,93,11,"<i>Aganaspis pelleranoi</i> scutellum: dorsal","0000-00-00 00:00:00","2005-01-24 19:51:04",""
104,94,5,"<i>Aganaspis pelleranoi</i> wing","0000-00-00 00:00:00","2005-01-24 19:35:24",""
104,97,8,"<i>Lopheucoila anastrephae</i> scutellum: dorsal","0000-00-00 00:00:00","2005-01-24 19:36:33",""
104,99,9,"<i>Lopheucoila anastrephae</i> scutellum: lateral","0000-00-00 00:00:00","2005-01-24 19:36:33",""
104,100,2,"<i>Lopheucoila anastrephae</i> wing","0000-00-00 00:00:00","2005-01-24 19:52:23",""
104,101,3,"<i>Lopheucoila anastrephae</i> wing","2005-01-24 18:32:19","2005-01-24 19:35:24","wharton"
104,103,6,"<i>Odontosema anastrephae</i> scutellum: dorsal","0000-00-00 00:00:00","2005-01-24 19:52:23",""
104,104,7,"<i>Odontosema anastrephae</i> scutellum: dorsal oblique","0000-00-00 00:00:00","2005-01-24 19:36:33",""
104,106,1,"<i>Odontosema anastrephae</i> wing","0000-00-00 00:00:00","2005-01-24 19:33:46",""
104,312,10,"<i>Dicerataspis</i> mesoscutum and scutellum","2005-01-24 18:40:06","2005-01-24 19:52:23","wharton"
104,351,12,"<i>Ealata</i>","2005-01-24 18:38:31","2005-01-24 19:52:23","wharton"
104,353,13,"<i>Ealata</i>","2005-01-24 18:39:24","2005-01-24 19:52:28","wharton"
110,5,1,"<i>Microcrasis</i> sp. face, frontal view","2004-12-11 15:33:44","2004-12-11 16:36:28","wharton"
121,191,4,"<i>Opius bellus</i> fore wing","0000-00-00 00:00:00","2004-12-13 19:10:49",""
121,192,5,"<i>Opius bellus</i> hind wing","0000-00-00 00:00:00","2004-12-13 19:10:42",""
121,248,2,"face and mandible","2004-12-13 18:06:32","2004-12-13 19:10:44","wharton"
121,251,1,"back of head","2004-12-13 18:06:41","2004-12-13 19:10:24","wharton"
121,253,3,"mesoscutum and top of head","2004-12-13 18:06:49","2004-12-13 19:10:49","wharton"
128,70,2,"<i>A. indica</i> antennae: dorsal oblique","0000-00-00 00:00:00","2004-11-08 10:32:21",""
128,71,1,"<i>A. indica</i> habitus: lateral","0000-00-00 00:00:00","2004-11-08 10:32:21",""
128,72,3,"<i>A. indica</i> thorax: dorsal","0000-00-00 00:00:00","2004-11-08 10:32:21",""
128,188,4,"<i>A. indica</i> leg: lateral","0000-00-00 00:00:00","2004-11-08 10:32:21",""
130,10,4,"<i>Bracon celer</i> abdomen: dorsal","0000-00-00 00:00:00","2004-11-08 10:32:21",""
130,11,2,"<i>Bracon celer</i> face: anterior","0000-00-00 00:00:00","2004-11-08 10:32:21",""
130,13,3,"<i>Bracon celer</i> labrum: ventral","0000-00-00 00:00:00","2004-11-08 10:32:21",""
130,15,1,"<i>Bracon celer</i> habitus: lateral","0000-00-00 00:00:00","2004-11-08 10:32:21",""
130,16,5,"<i>Bracon celer</i> fore wing, left","0000-00-00 00:00:00","2004-11-08 10:32:21",""
130,17,6,"<i>Bracon celer</i> hind wing","0000-00-00 00:00:00","2004-11-08 10:32:21",""
141,18,2,"<i>Dirhinus giffardii</i> head: dorsal","0000-00-00 00:00:00","2004-11-08 10:32:21",""
141,20,3,"<i>Dirhinus giffardii</i> head: lateral oblique","0000-00-00 00:00:00","2004-11-08 10:32:21",""
141,21,1,"<i>Dirhinus giffardii</i> habitus: lateral","0000-00-00 00:00:00","2004-11-08 10:32:21",""
146,61,2,"<i>D. crawfordi</i> face: anterior","0000-00-00 00:00:00","2004-11-08 10:32:21",""
146,62,3,"<i>D. crawfordi</i> labrum: anterior","0000-00-00 00:00:00","2004-11-08 10:32:21",""
146,63,1,"<i>D. crawfordi</i> habitus: lateral","0000-00-00 00:00:00","2004-11-08 10:32:21",""
146,64,4,"<i>D. crawfordi</i> head: lateral oblique","0000-00-00 00:00:00","2004-11-08 10:32:21",""
151,81,1,"<i>A. daci</i>  habitus: lateral","0000-00-00 00:00:00","2004-11-08 10:32:21",""
151,82,4,"<i>A. daci</i> scutellum: dorsal oblique","0000-00-00 00:00:00","2004-11-08 10:32:21",""
151,299,5,"<i>A. daci</i> scutellum: lateral","0000-00-00 00:00:00","2004-11-08 10:32:21",""
151,300,3,"<i>A. daci</i> head: lateral","0000-00-00 00:00:00","2004-11-08 10:32:21",""
151,301,2,"<i>A. daci</i> head: antero-lateral","0000-00-00 00:00:00","2004-11-08 10:32:21",""
152,60,1,"<i>D. brasiliensis</i> dorsal","0000-00-00 00:00:00","2004-11-08 10:32:21",""
153,274,2,"<i>D. alloeum</i> face: anterior","0000-00-00 00:00:00","2004-11-08 10:32:21",""
153,276,3,"<i>D. alloeum</i> mesothorax: dorsal oblique","0000-00-00 00:00:00","2004-11-08 10:32:21",""
153,277,4,"<i>D. alloeum</i> abdomen: lateral","0000-00-00 00:00:00","2004-11-08 10:32:21",""
153,558,1,"<i>D. alloeum</i> habitus: lateral","0000-00-00 00:00:00","2004-11-08 10:32:21",""
155,46,2,"<i>Coptera sp.</i> fore wing, left","0000-00-00 00:00:00","2004-11-08 10:32:21",""
155,47,1,"<i>Coptera sp.</i> habitus: lateral","0000-00-00 00:00:00","2004-11-08 10:32:21",""
155,50,4,"<i>Spilomicrus sp.</i> fore wing","0000-00-00 00:00:00","2004-11-08 10:32:21",""
155,51,5,"<i>Trichopria sp.</i> fore wing","0000-00-00 00:00:00","2004-11-08 10:32:21",""
155,564,3,"<i>Spilomicrus sp.</i> habitus: lateral","0000-00-00 00:00:00","2004-11-08 10:32:21",""
157,310,1,"<i>Dicerataspis sp.</i> habitus: lateral","0000-00-00 00:00:00","2004-11-08 10:32:21",""
157,311,2,"<i>Dicerataspis sp.</i> thorax: lateral","0000-00-00 00:00:00","2004-11-08 10:32:21",""
157,312,3,"<i>Dicerataspis sp.</i> thorax: dorsal oblique","0000-00-00 00:00:00","2004-11-08 10:32:21",""
157,313,4,"<i>Dicerataspis sp.</i> fore wing, left","0000-00-00 00:00:00","2004-11-08 10:32:21",""
162,69,1,"<i>D. zeteki</i> habitus: lateral","0000-00-00 00:00:00","2004-11-08 10:32:21",""
165,65,1,"<i>D. toxotrypanae</i> habitus: lateral","0000-00-00 00:00:00","2004-11-08 10:32:21",""
165,66,2,"<i>D. toxotrypanae</i> propodeum: dorsal","0000-00-00 00:00:00","2004-11-08 10:32:21",""
166,125,5,"<i>P. fletcheri</i> habitus: lateral","0000-00-00 00:00:00","2004-11-08 10:32:21",""
166,128,7,"<i>P. fletcheri</i> wings","0000-00-00 00:00:00","2004-11-08 10:32:21",""
166,129,9,"<i>P. incisi</i> face: anterior","0000-00-00 00:00:00","2004-11-08 10:32:21",""
166,130,10,"<i>P. incisi</i> face: anterior (note short clypeus and exposed labrum)","0000-00-00 00:00:00","2004-11-08 10:32:21",""
166,131,14,"<i>P. incisi</i> fore wing","0000-00-00 00:00:00","2004-11-08 10:32:21",""
166,133,15,"<i>P. incisi</i> hind wing","0000-00-00 00:00:00","2004-11-08 10:32:21",""
166,134,8,"<i>P. incisi</i> habitus: lateral","0000-00-00 00:00:00","2004-11-08 10:32:21",""
166,137,13,"<i>P. incisi</i> propodeum: lateral","0000-00-00 00:00:00","2004-11-08 10:32:21",""
166,138,11,"<i>P. incisi</i> thorax: dorsal","0000-00-00 00:00:00","2004-11-08 10:32:21",""
166,139,12,"<i>P. incisi</i> thorax: dorsal oblique","0000-00-00 00:00:00","2004-11-08 10:32:21",""
166,143,19,"<i>P. lounsburyi</i> thorax: dorsal","0000-00-00 00:00:00","2004-11-08 10:32:21",""
166,144,17,"<i>P. lounsburyi</i> face: anterior","0000-00-00 00:00:00","2004-11-08 10:32:21",""
166,145,18,"<i>P. lounsburyi</i> face: anteroventral","0000-00-00 00:00:00","2004-11-08 10:32:21",""
166,146,16,"<i>P. lounsburyi</i> habitus: lateral","0000-00-00 00:00:00","2004-11-08 10:32:21",""
166,147,21,"<i>P. lounsburyi</i> abdomen: lateral","0000-00-00 00:00:00","2004-11-08 10:32:21",""
166,148,20,"<i>P. lounsburyi</i> abdomen: lateral","0000-00-00 00:00:00","2004-11-08 10:32:21",""
166,201,1,"<i>P. concolor</i> habitus: lateral","0000-00-00 00:00:00","2004-11-08 10:32:21",""
166,202,2,"<i>P. concolor</i> fore wing","0000-00-00 00:00:00","2004-11-08 10:32:21",""
166,203,3,"<i>P. cosyrae</i> habitus: lateral","0000-00-00 00:00:00","2004-11-08 10:32:21",""
166,204,4,"<i>P. fijiensis</i> fore wing","0000-00-00 00:00:00","2004-11-08 10:32:21",""
166,693,6,"<i>P. fletcheri</i> head: lateral (note occipital carina)","0000-00-00 00:00:00","2004-11-08 10:32:21",""
168,128,4,"<i>P. fletcheri</i> wings","0000-00-00 00:00:00","2004-11-08 10:32:21",""
168,131,3,"<i>P. incisi</i> fore wing","0000-00-00 00:00:00","2004-11-08 10:32:21",""
168,146,5,"<i>P. lounsburyi</i> habitus","0000-00-00 00:00:00","2005-01-29 18:10:53",""
168,201,6,"<i>P. concolor</i> habitus: female","0000-00-00 00:00:00","2005-01-29 18:10:53",""
168,202,1,"<i>P. concolor</i> fore wing","0000-00-00 00:00:00","2004-11-08 10:32:21",""
168,203,7,"<i>P. cosyrae</i> habitus: female","2005-01-29 17:09:45","2005-01-29 18:10:53","wharton"
168,204,2,"<i>P. fijiensis</i> fore wing","0000-00-00 00:00:00","2004-11-08 10:32:21",""
173,22,2,"<i>Diachasmimorpha fullawayi</i> thorax: dorsal oblique","0000-00-00 00:00:00","2004-11-08 10:32:21",""
173,23,1,"<i>Diachasmimorpha fullawayi</i> habitus: lateral","0000-00-00 00:00:00","2004-11-08 10:32:21",""
173,24,3,"<i>Diachasmimorpha fullawayi</i> thorax: dorsal","0000-00-00 00:00:00","2004-11-08 10:32:21",""
173,26,4,"<i>Diachasmimorpha fullawayi</i> thorax: dorsal","0000-00-00 00:00:00","2004-11-08 10:32:21",""
173,67,5,"<i>Diachasmimorpha fullawayi</i> fore wing","0000-00-00 00:00:00","2004-11-08 10:32:21",""
178,351,1,"<i>Ealata sp.</i> habitus: female","0000-00-00 00:00:00","2005-01-24 22:28:14",""
178,352,2,"<i>Ealata sp.</i> habitus: male","0000-00-00 00:00:00","2005-01-24 22:28:14",""
178,353,3,"<i>Ealata sp.</i> scutellum: lateral","0000-00-00 00:00:00","2004-11-08 10:32:21",""
180,71,1,"<i>Aceratoneuromyia indica</i> habitus: lateral","0000-00-00 00:00:00","2004-11-08 10:32:21",""
180,72,2,"<i>Aceratoneuromyia indica</i> thorax: dorsal","0000-00-00 00:00:00","2004-11-08 10:32:21",""
180,73,3,"<i>Tetrastichus giffardianus</i> habitus: lateral","0000-00-00 00:00:00","2004-11-08 10:32:21",""
180,75,4,"<i>Tetrastichus giffardianus</i> thorax: dorsal","0000-00-00 00:00:00","2004-11-08 10:32:21",""
182,77,1,"<i>Eupelmus sp.</i> habitus: lateral","0000-00-00 00:00:00","2004-11-08 10:32:21",""
182,78,3,"Eupelmidae: leg: lateral","0000-00-00 00:00:00","2004-11-08 10:32:21",""
182,608,4,"<i>Eupelmus sp.</i> tarsi: lateral","0000-00-00 00:00:00","2004-11-08 10:32:21",""
182,804,2,"<i>Eupelmus spermophilus</i> habitus: lateral","0000-00-00 00:00:00","2004-11-08 10:32:21",""
183,79,2,"<i>Eurytoma sp.</i> thorax: dorsal","0000-00-00 00:00:00","2004-11-08 10:32:21",""
183,80,1,"<i>Eurytoma sp.</i> habitus: lateral","0000-00-00 00:00:00","2004-11-08 10:32:21",""
187,115,3,"<i>Fopius arisanus</i> fore wing","0000-00-00 00:00:00","2004-11-08 10:32:21",""
187,117,4,"<i>Fopius arisanus</i> hind wing","0000-00-00 00:00:00","2004-11-08 10:32:21",""
187,120,2,"<i>Fopius arisanus</i> thorax: dorsal oblique","0000-00-00 00:00:00","2004-11-08 10:32:21",""
187,198,1,"<i>Fopius silvestrii</i> face: anterior","0000-00-00 00:00:00","2004-11-08 10:32:21",""
193,110,4,"<i>Fopius arisanus</i> abdomen: dorsal oblique","0000-00-00 00:00:00","2004-11-08 10:32:21",""
193,115,5,"<i>Fopius arisanus</i> fore wing","0000-00-00 00:00:00","2004-11-08 10:32:21",""
193,117,6,"<i>Fopius arisanus</i> hind wing","0000-00-00 00:00:00","2004-11-08 10:32:21",""
193,118,1,"<i>Fopius arisanus</i> habitus: lateral","0000-00-00 00:00:00","2004-11-08 10:32:21",""
193,119,2,"<i>Fopius arisanus</i> body: lateral","0000-00-00 00:00:00","2004-11-08 10:32:21",""
193,120,3,"<i>Fopius arisanus</i> thorax: dorsal oblique","0000-00-00 00:00:00","2004-11-08 10:32:21",""
193,195,7,"<i>Fopius caudatus</i> habitus: lateral","0000-00-00 00:00:00","2004-11-08 10:32:21",""
193,196,8,"<i>Fopius ceratitivorus</i> habitus: lateral","0000-00-00 00:00:00","2004-11-08 10:32:21",""
193,197,9,"<i>Fopius silvestrii</i> habitus: lateral","0000-00-00 00:00:00","2004-11-08 10:32:21",""
193,198,10,"<i>Fopius silvestrii</i> face: anterior","0000-00-00 00:00:00","2004-11-08 10:32:21",""
193,199,11,"<i>Fopius vandenboschi</i> habitus: lateral (dark)","0000-00-00 00:00:00","2004-11-08 10:32:21",""
193,200,12,"<i>Fopius vandenboschi</i> habitus: lateral (light)","0000-00-00 00:00:00","2004-11-08 10:32:21",""
194,49,3,"<i>Phygadeuon sp.</i> fore wing, left","0000-00-00 00:00:00","2004-11-08 10:32:21",""
194,421,4,"<i>Gelis sp.</i> female, habitus: lateral","0000-00-00 00:00:00","2004-11-08 10:32:21",""
194,422,5,"<i>Gelis sp.</i> male, habitus: lateral","0000-00-00 00:00:00","2004-11-08 10:32:21",""
194,423,1,"<i>Phygadeuon sp.</i> habitus: lateral","0000-00-00 00:00:00","2004-11-08 10:32:21",""
194,425,2,"<i>Phygadeuon sp.</i> abdomen: dorsal","0000-00-00 00:00:00","2004-11-08 10:32:21",""
196,97,2,"<i>L. anastrephae</i> scutellum: dorsal","0000-00-00 00:00:00","2004-11-08 10:32:21",""
196,98,1,"<i>L. anastrephae</i> habitus: lateral","0000-00-00 00:00:00","2004-11-08 10:32:21",""
196,99,3,"<i>L. anastrephae</i> scutellum: lateral","0000-00-00 00:00:00","2004-11-08 10:32:21",""
196,101,5,"<i>L. anastrephae</i> wing","2005-01-24 21:44:23","2005-01-24 22:44:59","wharton"
196,102,4,"<i>L. anastrephae</i> wing","0000-00-00 00:00:00","2004-11-08 10:32:21",""
199,5,2,"<i>Microcrasis sp.</i> face: anterior","0000-00-00 00:00:00","2004-11-08 10:32:21",""
199,6,4,"<i>Microcrasis sp.</i> fore wing, left","0000-00-00 00:00:00","2004-11-08 10:32:21",""
199,7,1,"<i>Microcrasis sp.</i> habitus: lateral","0000-00-00 00:00:00","2004-11-08 10:32:21",""
199,8,3,"<i>Microcrasis sp.</i> mandible","0000-00-00 00:00:00","2004-11-08 10:32:21",""
202,83,3,"<i>A. nordlanderi</i> scutellum: dorsal 1","0000-00-00 00:00:00","2004-11-08 10:32:21",""
202,84,4,"<i>A. nordlanderi</i> scutellum: dorsal 2","0000-00-00 00:00:00","2004-11-08 10:32:21",""
202,85,1,"<i>A. nordlanderi</i> habitus: lateral","0000-00-00 00:00:00","2004-11-08 10:32:21",""
202,86,2,"<i>A. nordlanderi</i> scutellum: lateral","0000-00-00 00:00:00","2004-11-08 10:32:21",""
202,87,5,"<i>A. nordlanderi</i> wing 1","0000-00-00 00:00:00","2004-11-08 10:32:21",""
202,89,6,"<i>A. nordlanderi</i> wing 2","0000-00-00 00:00:00","2004-11-08 10:32:21",""
204,103,2,"<i>O. anastrephae</i> scutellum: dorsal","0000-00-00 00:00:00","2004-11-08 10:32:21",""
204,104,3,"<i>O. anastrephae</i> scutellum: dorsal oblique","0000-00-00 00:00:00","2004-11-08 10:32:21",""
204,105,1,"<i>O. anastrephae</i> habitus: lateral","0000-00-00 00:00:00","2004-11-08 10:32:21",""
204,106,4,"<i>O. anastrephae</i> wing","0000-00-00 00:00:00","2004-11-08 10:32:21",""
207,122,2,"<i>O. froggatti</i> face: anterior","0000-00-00 00:00:00","2004-11-08 10:32:21",""
207,123,1,"<i>O. froggatti</i> habitus: lateral","0000-00-00 00:00:00","2004-11-08 10:32:21",""
207,124,3,"<i>O. froggatti</i> thorax: dorsal 1","0000-00-00 00:00:00","2004-11-08 10:32:21",""
207,193,4,"<i>O. froggatti</i> thorax: dorsal 2","0000-00-00 00:00:00","2004-11-08 10:32:21",""
209,149,4,"<i>Pachycrepoideus vindemmiae</i> head: lateral","0000-00-00 00:00:00","2004-11-08 10:32:21",""
209,150,3,"<i>Pachycrepoideus vindemmiae</i> habitus: lateral","0000-00-00 00:00:00","2004-11-08 10:32:21",""
209,154,5,"<i>Pachycrepoideus vindemmiae</i> wing","0000-00-00 00:00:00","2004-11-08 10:32:21",""
209,156,1,"<i>Spalangia sp.</i> thorax: dorsal","0000-00-00 00:00:00","2004-11-08 10:32:21",""
209,158,2,"<i>Spalangia sp.</i> thorax: dorsal oblique","0000-00-00 00:00:00","2004-11-08 10:32:21",""
215,186,1,"<i>Sternaulopius sp</i> thorax: lateral","0000-00-00 00:00:00","2004-11-08 10:32:21",""
216,19,4,"<i>Tetrastichus giffardii</i> fore wing, right","0000-00-00 00:00:00","2005-01-28 13:23:02",""
216,73,1,"<i>Tetrastichus giffardianus</i> habitus: lateral","0000-00-00 00:00:00","2004-11-08 10:32:21",""
216,75,2,"<i>Tetrastichus giffardianus</i> thorax: lateral 2","0000-00-00 00:00:00","2005-01-28 13:23:02",""
216,190,3,"<i>Tetrastichus giffardianus</i> fore wing","0000-00-00 00:00:00","2005-01-28 13:23:02",""
223,167,3,"<i>U. africanus</i> thorax: dorsal oblique (note large midpit)","0000-00-00 00:00:00","2004-11-08 10:32:21",""
223,168,1,"<i>U. africanus</i> face: anterior (note color, clypeus, & exposed labrum)","0000-00-00 00:00:00","2004-11-08 10:32:21",""
223,173,2,"<i>U. bianchii</i> face: anterior","0000-00-00 00:00:00","2004-11-08 10:32:21",""
223,177,5,"<i>U. bianchii</i> thorax: dorsal oblique (note large midpit & notauli)","0000-00-00 00:00:00","2004-11-08 10:32:21",""
223,181,6,"<i>U. perkinsi</i> leg (note carina)","0000-00-00 00:00:00","2005-02-03 16:01:28",""
223,182,4,"<i>U. perkinsi</i> thorax: dorsal (note small midpit)","0000-00-00 00:00:00","2004-11-08 10:32:21",""
223,184,8,"<i>U. richmondi</i> fore wing","0000-00-00 00:00:00","2005-02-03 16:00:46",""
223,185,9,"<i>U. richmondi</i> hind wing","0000-00-00 00:00:00","2005-02-03 16:00:40",""
223,604,7,"<i>U. anastrephae</i> leg (note carina)","2005-02-03 15:00:29","2005-02-03 16:01:28","sonia"
225,181,1,"<i>U. perkinsi</i> leg (note carina)","0000-00-00 00:00:00","2004-11-08 10:32:21",""
225,604,2,"<i>U. anastrephae</i> leg (note carina)","2005-02-03 14:58:24","2005-02-03 15:59:42","sonia"
228,167,3,"<i>U. africanus</i> thorax: dorsal oblique (note large midpit)","0000-00-00 00:00:00","2004-11-08 10:32:21",""
228,168,2,"<i>U. africanus</i> face: anterior (note color, clypeus, and exposed labrum)","0000-00-00 00:00:00","2004-11-08 10:32:21",""
228,169,1,"<i>U. africanus</i> habitus: lateral","0000-00-00 00:00:00","2004-11-08 10:32:21",""
228,170,4,"<i>U. africanus</i> ovipositor: lateral (note short length)","0000-00-00 00:00:00","2004-11-08 10:32:21",""
228,171,5,"<i>U. anastrephae</i> habitus: lateral","0000-00-00 00:00:00","2004-11-08 10:32:21",""
228,172,10,"<i>U. bianchii</i> abdomen: dorsal (note apex of petiole & striate sculpture on T2 & T3)","0000-00-00 00:00:00","2004-11-08 10:32:21",""
228,173,7,"<i>U. bianchii</i> face: anterior","0000-00-00 00:00:00","2004-11-08 10:32:21",""
228,174,6,"<i>U. bianchii</i> habitus: lateral","0000-00-00 00:00:00","2004-11-08 10:32:21",""
228,176,9,"<i>U. bianchii</i> propodeum: dorsal","0000-00-00 00:00:00","2004-11-08 10:32:21",""
228,177,8,"<i>U. bianchii</i> thorax: dorsal (note large midpit & notauli)","0000-00-00 00:00:00","2004-11-08 10:32:21",""
228,178,11,"<i>U. divergens</i> habitus: lateral","0000-00-00 00:00:00","2004-11-08 10:32:21",""
228,179,15,"<i>U. perkinsi</i> abdomen: dorsal oblique (note polished T2 & T3)","0000-00-00 00:00:00","2004-11-08 10:32:21",""
228,180,12,"<i>U. perkinsi</i> habitus: lateral","0000-00-00 00:00:00","2004-11-08 10:32:21",""
228,181,14,"<i>U. perkinsi</i> leg (note carina)","0000-00-00 00:00:00","2004-11-08 10:32:21",""
228,182,13,"<i>U. perkinsi</i> thorax: dorsal (note small midpit)","0000-00-00 00:00:00","2004-11-08 10:32:21",""
228,184,16,"<i>U. richmondi</i> fore wing","0000-00-00 00:00:00","2004-11-08 10:32:21",""
228,185,17,"<i>U. richmondi</i> hind wing","0000-00-00 00:00:00","2004-11-08 10:32:21",""
251,167,7,"<i>U. africanus</i> thorax: dorsal oblique (note large midpit)","0000-00-00 00:00:00","2004-11-08 10:32:21",""
251,168,4,"<i>U. africanus</i> face: anterior","0000-00-00 00:00:00","2004-11-08 10:32:21",""
251,169,1,"<i>U. africanus</i> habitus: lateral","0000-00-00 00:00:00","2004-11-08 10:32:21",""
251,170,8,"<i>U. africanus</i> ovipositor: lateral (note short length)","0000-00-00 00:00:00","2004-11-08 10:32:21",""
251,527,2,"<i>U. africanus</i> habitus: dorsal","0000-00-00 00:00:00","2004-11-08 10:32:21",""
251,528,5,"<i>U. africanus</i> thorax: dorsal","0000-00-00 00:00:00","2004-11-08 10:32:21",""
251,529,3,"<i>U. africanus</i> habitus: dorsal","0000-00-00 00:00:00","2004-11-08 10:32:21",""
251,530,6,"<i>U. africanus</i> thorax: dorsal","0000-00-00 00:00:00","2004-11-08 10:32:21",""
257,10,5,"<i>Bracon celer</i> abdomen: dorsal","0000-00-00 00:00:00","2004-11-08 10:32:21",""
257,11,3,"<i>Bracon celer</i> face: anterior","0000-00-00 00:00:00","2004-11-08 10:32:21",""
257,13,4,"<i>Bracon celer</i> labrum: ventral","0000-00-00 00:00:00","2004-11-08 10:32:21",""
257,14,1,"<i>Bracon celer</i> habitus: lateral","0000-00-00 00:00:00","2004-11-08 10:32:21",""
257,15,2,"<i>Bracon celer</i> body: lateral oblique","0000-00-00 00:00:00","2004-11-08 10:32:21",""
257,16,6,"<i>Bracon celer</i> fore wing, left","0000-00-00 00:00:00","2004-11-08 10:32:21",""
257,17,7,"<i>Bracon celer</i> hind wing","0000-00-00 00:00:00","2004-11-08 10:32:21",""
268,77,1,"<i>Eupelmus sp.</i> habitus: lateral","0000-00-00 00:00:00","2004-11-08 10:32:21",""
268,731,3,"<i>Eupelmus spermophilus</i> habitus: dorsal","0000-00-00 00:00:00","2004-11-08 10:32:21",""
268,804,2,"<i>Eupelmus spermophilus</i> habitus: lateral","0000-00-00 00:00:00","2004-11-08 10:32:21",""
269,291,1,"<i>Halticoptera sp.</i>, habitus: lateral","0000-00-00 00:00:00","2004-11-08 10:32:21",""
269,292,2,"<i>Halticoptera sp.</i>, habitus: dorsal","0000-00-00 00:00:00","2004-11-08 10:32:21",""
271,294,1,"Ormyrus sp.</i> female, habitus: lateral","0000-00-00 00:00:00","2004-11-08 10:32:21",""
271,295,2,"Ormyrus sp.</i> female, abdomen: dorsal oblique","0000-00-00 00:00:00","2004-11-08 10:32:21",""
271,296,3,"Ormyrus sp.</i> male, habitus:lateral","0000-00-00 00:00:00","2004-11-08 10:32:21",""
271,297,4,"Ormyrus sp.</i> male, abdomen: dorsal","0000-00-00 00:00:00","2004-11-08 10:32:21",""
273,293,1,"<i>Microdontomerus sp.</i> habitus: lateral","0000-00-00 00:00:00","2004-11-08 10:32:21",""
274,155,1,"<i>Spalangia sp.</i> habitus: lateral","0000-00-00 00:00:00","2004-11-08 10:32:21",""
274,156,3,"<i>Spalangia sp.</i> thorax: dorsal","0000-00-00 00:00:00","2004-11-08 10:32:21",""
274,158,2,"<i>Spalangia sp.</i> thorax: dorsal oblique","0000-00-00 00:00:00","2004-11-08 10:32:21",""
279,49,3,"<i>Phygadeuon sp.</i> fore wing, left","0000-00-00 00:00:00","2004-11-08 10:32:21",""
279,423,1,"<i>Phygadeuon sp.</i> habitus: lateral","0000-00-00 00:00:00","2004-11-08 10:32:21",""
279,425,2,"<i>Phygadeuon sp.</i> abdomen: dorsal","0000-00-00 00:00:00","2004-11-08 10:32:21",""
281,421,1,"<i>Gelis sp.</i> female habitus: lateral","0000-00-00 00:00:00","2004-11-08 10:32:21",""
302,27,5,"<i>D. longicaudata</i> abdomen: dorsal","0000-00-00 00:00:00","2004-11-08 10:32:21",""
302,28,6,"<i>D. longicaudata</i> abdomen: dorsal","0000-00-00 00:00:00","2004-11-08 10:32:21",""
302,32,2,"<i>D. longicaudata</i> face: anterior","0000-00-00 00:00:00","2004-11-08 10:32:21",""
302,34,1,"<i>D. longicaudata</i> habitus: lateral","0000-00-00 00:00:00","2004-11-08 10:32:21",""
302,36,4,"<i>D. longicaudata</i> thorax: dorsal oblique","0000-00-00 00:00:00","2004-11-08 10:32:21",""
302,37,3,"<i>D. longicaudata</i> thorax: dorsal","0000-00-00 00:00:00","2004-11-08 10:32:21",""
302,38,8,"<i>D. longicaudata</i> hind wing","0000-00-00 00:00:00","2004-11-08 10:32:21",""
302,39,7,"<i>D. longicaudata</i> fore wing","0000-00-00 00:00:00","2004-11-08 10:32:21",""
308,40,3,"<i>D. tryoni</i> abdomen: dorsal","0000-00-00 00:00:00","2004-11-08 10:32:21",""
308,41,2,"<i>D. tryoni</i> body: lateral","0000-00-00 00:00:00","2004-11-08 10:32:21",""
308,42,1,"<i>D. tryoni</i> habitus: lateral","0000-00-00 00:00:00","2004-11-08 10:32:21",""
308,43,4,"<i>D. tryoni</i> ovipositor","0000-00-00 00:00:00","2004-11-08 10:32:21",""
311,286,1,"<i>D. sanguinea</i> habitus: lateral","0000-00-00 00:00:00","2004-11-08 10:32:21",""
311,287,2,"<i>D. sanguinea</i> face: lateral oblique","0000-00-00 00:00:00","2004-11-08 10:32:21",""
311,288,3,"<i>D. sanguinea</i> head: lateral","0000-00-00 00:00:00","2004-11-08 10:32:21",""
311,289,4,"<i>D. sanguinea</i> thorax: dorsal oblique","0000-00-00 00:00:00","2004-11-08 10:32:21",""
312,278,3,"<i>D. juglandis</i> abdomen: dorsal oblique","0000-00-00 00:00:00","2004-11-08 10:32:21",""
312,279,1,"<i>D. juglandis</i> habitus: lateral","0000-00-00 00:00:00","2004-11-08 10:32:21",""
312,280,2,"<i>D. juglandis</i> thorax: lateral","0000-00-00 00:00:00","2004-11-08 10:32:21",""
315,269,2,"<i>D. mellea</i> body: lateral","0000-00-00 00:00:00","2004-11-08 10:32:21",""
315,271,3,"<i>D. mellea</i> thorax: dorsal oblique","0000-00-00 00:00:00","2004-11-08 10:32:21",""
315,272,6,"<i>D. mellea</i> abdomen: lateral","0000-00-00 00:00:00","2004-11-08 10:32:21",""
315,490,4,"<i>D. mellea</i> thorax: lateral","0000-00-00 00:00:00","2004-11-08 10:32:21",""
315,491,5,"<i>D. mellea</i> thorax: dorsal","0000-00-00 00:00:00","2004-11-08 10:32:21",""
315,560,1,"<i>D. mellea</i> habitus: lateral","0000-00-00 00:00:00","2004-11-08 10:32:21",""
318,492,1,"<i>D. sublaevis</i> thorax: lateral","0000-00-00 00:00:00","2004-11-08 10:32:21",""
318,493,2,"<i>D. sublaevis</i> thorax: lateral","0000-00-00 00:00:00","2004-11-08 10:32:21",""
326,110,8,"<i>Fopius arisanus</i> abdomen: dorsal oblique","0000-00-00 00:00:00","2004-11-11 14:21:01",""
326,111,7,"<i>Fopius arisanus</i> abdomen: dorsal-lateral","0000-00-00 00:00:00","2004-12-13 14:01:02",""
326,113,5,"<i>Fopius arisanus</i> thorax: dorsal","0000-00-00 00:00:00","2004-11-11 14:21:01",""
326,115,9,"<i>Fopius arisanus</i> fore wing","0000-00-00 00:00:00","2004-11-11 14:21:01",""
326,117,10,"<i>Fopius arisanus</i> hind wing","0000-00-00 00:00:00","2004-11-11 14:21:01",""
326,118,1,"<i>Fopius arisanus</i> habitus: lateral","0000-00-00 00:00:00","2004-11-08 10:32:21",""
326,119,2,"<i>Fopius arisanus</i> body: lateral","0000-00-00 00:00:00","2004-11-08 10:32:21",""
326,120,6,"<i>Fopius arisanus</i> thorax: dorsal oblique","0000-00-00 00:00:00","2004-11-11 14:21:01",""
326,837,3,"<i>Fopius arisanus</i> head: dorsal","0000-00-00 00:00:00","2004-11-11 14:21:01",""
326,838,4,"<i>Fopius arisanus</i> frons, ocelli, and toruli","0000-00-00 00:00:00","2004-12-13 14:01:02",""
340,199,1,"<i>Fopius vandenboschi</i> habitus (dark): lateral","0000-00-00 00:00:00","2004-11-08 10:32:21",""
340,200,2,"<i>Fopius vandenboschi</i> habitus (light): lateral","0000-00-00 00:00:00","2004-11-08 10:32:21",""
358,430,2,"<i>Fopius silvestrii</i> face: anterior","0000-00-00 00:00:00","2004-11-08 10:32:21",""
358,433,1,"<i>Fopius silvestrii</i> habitus: lateral","0000-00-00 00:00:00","2004-11-08 10:32:21",""
363,196,1,"<i>Fopius ceratitivorus</i> habitus: lateral","0000-00-00 00:00:00","2004-11-08 10:32:21",""
367,195,1,"<i>Fopius caudatus</i> habitus: lateral","0000-00-00 00:00:00","2004-11-08 10:32:21",""
369,383,4,"<i>Fopius deeralensis</i> petiole: dorsal","0000-00-00 00:00:00","2004-11-08 10:32:21",""
369,410,5,"<i>Fopius deeralensis</i> ovipositor","0000-00-00 00:00:00","2004-11-08 10:32:21",""
369,597,2,"<i>Fopius deeralensis</i> face: anterior","0000-00-00 00:00:00","2004-11-08 10:32:21",""
369,598,3,"<i>Fopius deeralensis</i> thorax: lateral","0000-00-00 00:00:00","2004-11-08 10:32:21",""
369,603,1,"<i>Fopius deeralensis</i> thorax: dorsal","0000-00-00 00:00:00","2004-11-08 10:32:21",""
377,171,1,"<i>U. anastrephae</i> habitus: lateral","0000-00-00 00:00:00","2004-11-08 10:32:21",""
377,536,2,"<i>U. anastrephae</i> body: dorsal oblique","0000-00-00 00:00:00","2004-11-08 10:32:21",""
377,538,3,"<i>U. anastrephae</i> body: dorsal oblique","0000-00-00 00:00:00","2004-11-08 10:32:21",""
377,540,4,"<i>U. anastrephae</i> thorax: dorsal","0000-00-00 00:00:00","2004-11-08 10:32:21",""
377,541,5,"<i>U. anastrephae</i> thorax: dorsal","0000-00-00 00:00:00","2004-11-08 10:32:21",""
377,542,6,"<i>U. anastrephae</i> thorax: dorsal","0000-00-00 00:00:00","2004-11-08 10:32:21",""
377,543,7,"<i>U. anastrephae</i> thorax: dorsal","0000-00-00 00:00:00","2004-11-08 10:32:21",""
377,546,8,"<i>U. anastrephae</i> hind and middle legs","0000-00-00 00:00:00","2004-11-08 10:32:21",""
377,547,9,"<i>U. anastrephae</i> hind leg","0000-00-00 00:00:00","2004-11-08 10:32:21",""
377,604,10,"<i>U. anastrephae</i> carina on hind tibia","0000-00-00 00:00:00","2004-11-08 10:32:21",""
384,201,1,"<i>Psyttalia concolor</i> habitus: female","0000-00-00 00:00:00","2005-01-30 13:28:53",""
384,202,2,"<i>Psyttalia concolor</i> fore wing","0000-00-00 00:00:00","2004-11-08 10:32:21",""
388,426,1,"habitus","2004-12-13 21:23:27","2004-12-13 22:24:17","wharton"
388,428,2,"face and mandible","2004-12-13 21:23:38","2004-12-13 22:24:17","wharton"
406,204,1,"<i> Psyttalia fijiensis</i> fore wing","0000-00-00 00:00:00","2004-11-08 16:33:35",""
411,125,1,"<i>Psyttalia fletcheri</i> habitus: lateral","0000-00-00 00:00:00","2004-11-08 16:48:17",""
411,127,4,"<i>Psyttalia fletcheri</i> abdomen: lateral","0000-00-00 00:00:00","2004-11-08 16:48:28",""
411,128,2,"<i>Psyttalia fletcheri</i> habitus: dorsal","0000-00-00 00:00:00","2004-11-08 16:48:30",""
411,693,3,"<i>Psyttalia fletcheri</i> head: lateral (note occipital carina)","0000-00-00 00:00:00","2004-11-08 16:48:30",""
416,130,2,"<i>Psyttalia incisi</i> face anterior","0000-00-00 00:00:00","2004-11-08 17:06:57",""
416,131,6,"<i>Psyttalia incisi</i> fore wing","0000-00-00 00:00:00","2004-11-08 17:06:57",""
416,133,7,"<i>Psyttalia incisi</i> hind wing","0000-00-00 00:00:00","2004-11-08 17:06:57",""
416,134,1,"<i>Psyttalia incisi</i> habitus: lateral","0000-00-00 00:00:00","2004-11-08 17:06:57",""
416,135,4,"<i>Psyttalia incisi</i> propodeum: dorsal","0000-00-00 00:00:00","2004-11-08 17:06:57",""
416,137,5,"<i>Psyttalia incisi</i> propodeum: lateral","0000-00-00 00:00:00","2004-11-08 17:06:57",""
416,138,3,"<i>Psyttalia incisi</i> thorax: dorsal","0000-00-00 00:00:00","2004-11-08 17:06:57",""
443,203,1,"<i>Psyttalia cosyrae</i> habitus: lateral","0000-00-00 00:00:00","2004-11-09 12:31:53",""
447,172,5,"<i>Utetes bianchii</i> abdomen: dorsal","0000-00-00 00:00:00","2004-11-09 13:43:54",""
447,173,2,"<i>Utetes bianchii</i> face: anterior","0000-00-00 00:00:00","2004-11-09 13:43:54",""
447,175,1,"<i>Utetes bianchii</i> habitus: lateral","0000-00-00 00:00:00","2004-11-09 13:43:54",""
447,176,4,"<i>Utetes bianchii</i> propodeum: dorsal","0000-00-00 00:00:00","2004-11-09 13:43:54",""
447,177,3,"<i>Utetes bianchii</i> thorax: lateral","0000-00-00 00:00:00","2004-11-09 13:43:54",""
454,178,1,"<i>Utetes divergens</i> habitus: lateral","0000-00-00 00:00:00","2004-11-09 14:09:00",""
483,179,3,"<i>Utetes perkinsi</i> abdomen: dorsal oblique","0000-00-00 00:00:00","2004-11-09 15:20:21",""
483,180,1,"<i>Utetes perkinsi</i> habitus: lateral","0000-00-00 00:00:00","2004-11-09 15:20:21",""
483,181,4,"<i>Utetes perkinsi</i> leg","0000-00-00 00:00:00","2004-11-09 15:20:21",""
483,182,2,"<i>Utetes perkinsi</i> thorax: dorsal","0000-00-00 00:00:00","2004-11-09 15:20:21",""
486,184,1,"<i>Utetes richmondi</i> fore wing","0000-00-00 00:00:00","2004-11-09 15:27:58",""
486,185,2,"<i>Utetes richmondi</i> hind wing","0000-00-00 00:00:00","2004-11-09 15:27:58",""
515,122,2,"<i>Opius froggatti</i> face: anterior","0000-00-00 00:00:00","2004-11-10 16:13:50",""
515,123,1,"<i>Opius froggatti</i> habitus: lateral","0000-00-00 00:00:00","2004-11-10 16:13:50",""
515,124,3,"<i>Opius froggatti</i> thorax: dorsal","0000-00-00 00:00:00","2004-11-10 16:13:50",""
524,260,4,"<i>Opius downesi</i> face: anterior oblique","0000-00-00 00:00:00","2004-11-10 16:34:16",""
524,261,1,"<i>Opius downesi</i> habitus: lateral","0000-00-00 00:00:00","2004-11-10 16:34:16",""
524,264,2,"<i>Opius downesi</i> habitus: lateral","0000-00-00 00:00:00","2004-11-10 16:34:16",""
524,265,3,"<i>Opius downesi</i> body: lateral","0000-00-00 00:00:00","2004-11-10 16:34:16",""
524,266,8,"<i>Opius downesi</i> wings","0000-00-00 00:00:00","2004-11-10 16:34:16",""
524,267,7,"<i>Opius downesi</i> abdomen: dorsal","0000-00-00 00:00:00","2004-11-10 16:34:16",""
524,268,6,"<i>Opius downesi</i> thorax: dorsal","0000-00-00 00:00:00","2004-11-10 16:34:16",""
524,290,5,"<i>Opius downesi</i> face: anterior","0000-00-00 00:00:00","2004-11-10 16:34:16",""
533,49,3,"","2004-11-19 14:22:05","2004-11-19 15:22:05","matt"
533,54,1,"","2004-11-19 14:20:04","2004-11-19 15:20:04","matt"
533,202,2,"","2004-11-19 14:20:19","2004-11-19 15:20:19","matt"
534,46,4,"","2004-11-19 14:18:15","2004-11-19 15:18:15","matt"
534,50,2,"","2004-11-19 14:17:57","2004-11-19 15:17:57","matt"
534,51,3,"","2004-11-19 14:18:04","2004-11-19 15:18:04","matt"
534,94,5,"","2004-11-19 14:19:01","2004-11-19 15:19:01","matt"
534,154,1,"","2004-11-19 14:17:32","2004-11-19 15:17:32","matt"
535,49,1,"","2004-11-19 14:22:36","2004-11-19 15:22:36","matt"
536,44,1,"","2004-11-19 14:22:56","2004-11-19 15:22:56","matt"
537,5,1,"","2004-11-19 14:25:58","2004-11-19 15:25:58","matt"
538,11,1,"","2004-11-19 14:27:02","2004-11-19 15:27:02","matt"
538,31,2,"","2004-11-19 14:27:04","2004-11-19 15:27:04","matt"
538,53,3,"","2004-11-19 14:27:13","2004-11-19 15:27:13","matt"
538,597,4,"","2004-11-19 14:28:38","2004-11-19 15:28:38","matt"
539,6,1,"","2004-11-19 14:47:05","2004-11-19 15:47:05","matt"
540,48,1,"","2004-11-19 14:46:33","2004-11-19 15:46:33","matt"
541,186,1,"","2004-11-19 14:47:53","2004-11-19 15:47:53","matt"
541,187,2,"","2004-11-19 14:47:56","2004-11-19 15:47:56","matt"
542,206,1,"","2004-11-19 14:48:20","2004-11-19 15:48:20","matt"
542,207,3,"","2004-11-19 17:50:00","2004-11-19 18:50:00","matt"
542,598,2,"","2004-11-19 17:49:34","2004-11-19 18:49:34","matt"
543,113,1,"","2004-11-19 15:09:54","2004-11-19 16:09:54","matt"
543,120,2,"","2005-02-02 14:04:29","2005-02-02 15:04:35","wharton"
543,603,3,"","2004-11-19 15:10:49","2005-02-02 15:04:35","matt"
544,36,1,"","2004-11-19 15:11:14","2004-11-19 16:11:14","matt"
544,124,2,"","2004-11-19 15:11:40","2004-11-19 16:11:40","matt"
544,143,3,"","2004-11-19 15:11:53","2004-11-19 16:11:53","matt"
544,602,4,"","2004-11-19 15:13:36","2004-11-19 16:13:36","matt"
545,208,1,"","2004-11-19 15:27:27","2004-11-19 16:27:27","matt"
545,215,2,"","2004-11-19 15:27:45","2004-11-19 16:27:45","matt"
546,223,2,"","2004-11-19 15:20:04","2004-11-19 16:20:04","matt"
546,224,1,"","2004-11-19 15:19:55","2004-11-19 16:19:55","matt"
546,225,3,"","2004-11-19 15:20:25","2004-11-19 16:20:25","matt"
547,216,1,"","2004-11-19 15:30:12","2004-11-19 16:30:12","matt"
547,218,2,"","2004-11-19 15:30:19","2004-11-19 16:30:19","matt"
548,59,2,"","2004-11-19 15:31:44","2004-11-19 16:31:44","matt"
548,217,1,"","2004-11-19 15:30:42","2004-11-19 16:30:42","matt"
549,130,1,"","2004-11-19 15:35:19","2004-11-19 16:35:22","matt"
549,145,2,"","2004-11-19 15:35:46","2004-11-19 16:35:48","matt"
549,220,3,"","2004-11-19 15:36:13","2004-11-19 16:36:20","matt"
549,274,4,"","2004-11-19 15:33:46","2004-11-19 16:36:20","matt"
550,221,1,"","2004-11-19 15:37:03","2004-11-19 16:37:03","matt"
551,19,2,"","2004-11-19 15:37:57","2005-02-01 20:09:19","matt"
551,154,1,"","2004-11-19 15:38:38","2005-02-01 20:09:19","matt"
551,190,3,"","2005-02-01 19:09:07","2005-02-01 20:09:19","wharton"
552,46,2,"","2004-11-19 15:40:11","2004-11-19 16:40:12","matt"
552,50,4,"","2004-11-19 15:40:33","2004-11-19 16:40:33","matt"
552,51,3,"","2004-11-19 15:40:18","2004-11-19 16:40:18","matt"
552,109,1,"","2004-11-19 15:39:16","2004-11-19 16:40:12","matt"
553,438,2,"","2004-11-19 15:43:00","2004-11-19 16:43:00","matt"
553,607,1,"","2004-11-19 15:41:21","2004-11-19 16:41:21","matt"
554,439,2,"","2004-11-19 15:42:38","2004-11-19 16:42:38","matt"
554,608,1,"","2004-11-19 15:42:02","2004-11-19 16:42:02","matt"
557,21,1,"","2004-11-19 15:44:13","2004-11-19 16:44:13","matt"
558,77,1,"","2004-11-19 15:44:38","2004-11-19 16:44:38","matt"
559,77,1,"","2004-11-19 15:45:03","2004-11-19 16:45:03","matt"
559,78,3,"","2004-11-19 15:45:11","2005-02-02 13:54:52","matt"
559,282,2,"","2005-02-02 12:54:47","2005-02-02 13:54:52","wharton"
560,291,1,"","2004-11-19 15:46:05","2004-11-19 16:46:07","matt"
560,914,2,"","2004-11-19 15:45:48","2005-02-03 13:39:14","matt"
561,155,1,"","2004-11-19 15:48:56","2004-11-19 16:48:56","matt"
562,149,2,"","2004-11-19 17:01:59","2004-11-19 18:01:59","matt"
562,913,1,"","2004-11-19 17:01:44","2005-02-03 13:37:33","matt"
563,79,1,"","2004-11-19 17:02:30","2004-11-19 18:02:30","matt"
564,149,1,"","0000-00-00 00:00:00","2004-11-19 15:03:12",""
571,103,2,"","2004-11-19 17:05:05","2004-11-19 18:05:05","matt"
571,104,3,"Dorsal plate, detail.","2004-11-19 17:05:34","2004-11-19 18:05:43","matt"
571,109,1,"","2004-11-19 17:04:55","2004-11-19 18:04:55","matt"
572,46,3,"","2004-11-19 17:10:42","2004-11-19 18:10:42","matt"
572,50,1,"","2004-11-19 17:10:28","2004-11-19 18:10:29","matt"
572,51,2,"","2004-11-19 17:10:31","2004-11-19 18:10:31","matt"
574,284,1,"","2004-11-19 17:17:42","2004-11-19 18:17:42","matt"
574,285,2,"","2004-11-19 17:17:46","2004-11-19 18:17:46","matt"
575,46,3,"Female.","2004-11-19 17:18:37","2005-02-02 13:01:25","matt"
575,702,2,"","2005-02-02 12:01:19","2005-02-02 13:01:25","wharton"
575,848,1,"","2004-11-19 17:13:31","2004-11-19 18:13:31","matt"
576,51,2,"","2004-11-19 17:18:26","2005-02-02 13:02:36","matt"
576,729,1,"","2005-02-02 12:00:13","2005-02-02 13:02:36","wharton"
577,226,1,"","2004-11-19 17:54:55","2004-11-19 18:54:55","matt"
578,227,1,"","2004-11-19 17:55:28","2004-11-19 18:55:28","matt"
578,229,2,"","2004-11-19 17:55:32","2004-11-19 18:55:32","matt"
579,544,2,"","2004-11-19 17:57:36","2004-11-19 18:57:36","matt"
579,545,3,"","2004-11-19 17:57:39","2004-11-19 18:57:39","matt"
579,546,4,"","2004-11-19 17:57:50","2004-11-19 18:57:50","matt"
579,604,1,"","2004-11-19 17:57:03","2004-11-19 18:57:03","matt"
580,548,1,"","2004-11-19 17:58:07","2004-11-19 18:58:07","matt"
580,549,2,"","2004-11-19 17:58:10","2004-11-19 18:58:10","matt"
581,231,1,"","2004-11-19 18:01:38","2004-11-19 19:01:38","matt"
582,232,1,"","2004-11-19 18:02:05","2004-11-19 19:02:05","matt"
582,233,2,"","2004-11-19 18:02:08","2004-11-19 19:02:08","matt"
583,219,2,"","2004-11-19 18:06:46","2004-11-19 19:06:46","matt"
583,220,3,"","2004-11-19 18:06:49","2004-11-19 19:06:49","matt"
583,234,1,"","2004-11-19 18:03:41","2004-11-19 19:03:41","matt"
584,248,1,"","2004-11-19 18:03:56","2004-11-19 19:03:56","matt"
584,257,2,"","2004-11-19 18:06:08","2004-11-19 19:06:08","matt"
585,193,1,"","2005-02-02 15:21:40","2005-02-02 16:22:31","wharton"
585,268,2,"","2005-02-02 15:22:13","2005-02-02 16:22:31","wharton"
586,140,1,"","2004-11-19 18:12:31","2004-11-19 19:12:31","matt"
595,273,1,"<i>D. alloeum</i> body: lateral","2004-12-15 16:10:15","2004-12-15 17:13:17","sonia"
595,274,2,"<i>D. alloeum</i> face: anterior","2004-12-15 16:10:22","2004-12-15 17:13:17","sonia"
595,275,3,"<i>D. alloeum</i> habitus: lateral","2004-12-15 16:10:28","2004-12-15 17:13:17","sonia"
595,276,4,"<i>D. alloeum</i> mesothorax: dorsal oblique","2004-12-15 16:10:33","2004-12-15 17:13:17","sonia"
595,277,5,"<i>D. alloeum</i> abdomen: lateral","2004-12-15 16:10:37","2004-12-15 17:13:17","sonia"
600,97,2,"Scutellum, dorsal view","2004-12-11 16:05:30","2004-12-11 17:07:07","wharton"
600,98,1,"Habitus","2004-12-11 16:05:52","2004-12-11 17:07:07","wharton"
600,99,3,"Scutellum, lateral view","2004-12-11 16:05:57","2004-12-11 17:07:07","wharton"
600,100,4,"Fore and hind wings","2004-12-11 16:06:01","2004-12-11 17:07:07","wharton"
601,103,2,"dorsal view","2004-12-12 16:07:10","2004-12-12 17:08:53","wharton"
601,104,3,"Scutellum, posterior-oblique view","2004-12-12 16:07:19","2004-12-12 17:08:53","wharton"
601,105,1,"habitus","2004-12-12 16:07:26","2004-12-12 17:08:53","wharton"
601,106,4,"fore wing","2004-12-12 16:07:37","2004-12-12 17:08:53","wharton"
606,191,10,"","2004-12-13 16:39:03","2004-12-13 19:03:27","wharton"
606,192,11,"","2004-12-13 16:39:39","2004-12-13 19:02:56","wharton"
606,247,5,"face","2004-12-13 16:40:13","2004-12-13 19:04:26","wharton"
606,248,6,"face and mandible","2004-12-13 16:41:24","2004-12-13 19:04:22","wharton"
606,249,3,"head, lateral","2004-12-13 16:41:38","2004-12-13 19:04:38","wharton"
606,250,2,"habitus, male","2004-12-13 16:41:46","2004-12-13 19:01:04","wharton"
606,251,7,"back of head","2004-12-13 16:42:20","2004-12-13 19:04:18","wharton"
606,252,9,"propodeum and petiole, dorsal","2004-12-13 16:42:31","2004-12-13 19:04:52","wharton"
606,253,8,"mesoscutum and top of head","2004-12-13 16:42:40","2004-12-13 19:04:52","wharton"
606,254,1,"habitus, female","2004-12-13 16:42:56","2004-12-13 19:00:35","wharton"
606,255,4,"lateral view","2004-12-13 16:43:06","2004-12-13 19:04:38","wharton"
627,73,3,"habitus, female","2005-01-28 12:12:52","2005-01-28 13:13:07","wharton"
627,75,1,"mesothorax, dorsal view","2005-01-28 12:10:41","2005-01-28 13:11:21","wharton"
627,441,2,"fore wing showing bare patch basally","2005-01-28 12:12:07","2005-01-28 13:12:32","wharton"
650,46,4,"<i>Coptera</i> sp. fore wing","2005-01-04 14:04:00","2005-01-04 15:05:44","sonia"
650,47,1,"<i>Coptera</i> sp. habitus: lateral","2005-01-04 14:04:05","2005-01-04 15:05:44","sonia"
650,702,2,"<i>Coptera</i> sp. head: anterior","2005-01-04 14:04:10","2005-01-04 15:05:44","sonia"
650,847,3,"<i>Coptera</i> sp. head: lateral","2005-01-04 14:04:16","2005-01-04 15:05:44","sonia"
951,572,1,"Telescoping.","2005-03-04 15:02:45","2005-03-04 16:04:52","matt"
951,579,2,"Carapace-like.","2005-03-04 15:04:32","2005-03-04 16:04:52","matt"
951,665,3,"","2005-03-22 09:02:09","2005-03-22 10:02:09","matt"
952,567,1,"","2005-03-04 15:03:47","2005-03-04 16:03:47","matt"
952,576,2,"","2005-03-22 09:00:56","2005-03-22 10:00:56","matt"
952,662,3,"","2005-03-22 09:01:27","2005-03-22 10:01:27","matt"
953,590,1,"","2005-03-05 14:42:17","2005-03-05 15:42:17","matt"
953,672,2,"","2005-03-07 09:56:59","2005-03-07 10:56:59","matt"
954,579,2,"","2005-03-04 15:21:17","2005-03-04 16:23:02","matt"
954,587,3,"","2005-03-04 15:23:02","2005-03-04 16:23:02","matt"
954,664,1,"","2005-01-11 15:48:50","2005-03-04 16:21:13","matt"
954,666,4,"","2005-03-07 09:56:23","2005-03-07 10:56:23","matt"
955,743,1,"","2005-03-07 10:28:04","2005-03-07 11:28:04","matt"
956,737,1,"","2005-03-07 10:48:31","2005-03-07 11:48:31","matt"
959,585,2,"","2005-03-07 12:10:36","2005-03-07 13:10:36","matt"
959,591,1,"","2005-03-07 12:10:14","2005-03-07 13:10:14","matt"
960,581,1,"","2005-03-07 11:59:33","2005-03-07 12:59:57","matt"
964,745,1,"","2005-03-07 15:44:30","2005-03-07 16:44:30","matt"
965,741,1,"","2005-03-07 15:51:13","2005-03-07 16:51:13","matt"
966,613,1,"","2005-03-07 16:23:10","2005-03-07 17:23:10","matt"
966,614,2,"","2005-03-07 16:23:12","2005-03-07 17:23:12","matt"
966,754,3,"","2005-03-07 16:24:46","2005-03-07 17:24:46","matt"
967,664,1,"","2005-03-07 16:34:15","2005-03-07 17:34:15","matt"
1000,18,2,"<i>Dirhinus giffardii</i> head:  dorsal","2005-01-11 14:24:38","2005-01-11 16:34:49","sonia"
1000,20,3,"<i>Dirhinus giffardii</i> head:  lateral oblique","2005-01-11 14:24:41","2005-01-11 15:25:43","sonia"
1000,21,1,"<i>Dirhinus giffardii</i> habitus: lateral","2005-01-11 14:24:32","2005-01-11 15:25:43","sonia"
1000,525,4,"<i>Dirhinus</i> sp.  hind leg: lateral","2005-01-11 14:26:32","2005-01-11 15:26:56","sonia"
1004,18,2,"<i>Dirhinus giffardii</i> head: dorsal","2005-01-11 15:33:00","2005-01-11 16:34:18","sonia"
1004,20,3,"<i>Dirhinus giffardii</i> head: lateral oblique","2005-01-11 15:33:28","2005-01-11 16:34:18","sonia"
1004,21,1,"<i>Dirhinus giffardii</i> habitus: lateral","2005-01-11 15:33:18","2005-01-11 16:34:18","sonia"
1005,585,1,"(needs mandible zoom)","2005-03-07 13:49:39","2005-03-07 14:49:47","matt"
1005,746,2,"","2005-03-08 15:52:31","2005-03-08 16:52:31","matt"
1006,591,1,"","2005-03-07 13:50:03","2005-03-07 14:50:03","matt"
1006,742,2,"","2005-03-09 10:07:30","2005-03-09 11:07:30","matt"
1012,149,2,"<i>Pachycrepoideus vindemmiae</i> head: lateral","2005-01-13 11:07:52","2005-01-13 12:10:57","sonia"
1012,150,1,"<i>Pachycrepoideus vindemmiae</i>  habitus: lateral","2005-01-13 11:07:44","2005-01-13 12:10:47","sonia"
1012,154,5,"<i>Pachycrepoideus vindemmiae</i> fore wing","2005-01-13 11:07:24","2005-01-13 12:11:08","sonia"
1012,439,4,"<i>Pachycrepoideus vindemmiae</i> fore leg","2005-01-13 11:07:38","2005-01-13 12:11:08","sonia"
1012,913,3,"<i>Pachycrepoideus vindemmiae</i> head: lateral","2005-01-13 11:07:57","2005-02-03 13:37:33","sonia"
1028,198,2,"Antenna inserted high on the face","2005-02-02 16:19:41","2005-02-02 17:19:55","katjacs"
1028,285,1,"Antenna inserted on a shelf","2005-02-02 16:08:18","2005-02-02 17:08:52","katjacs"
1029,288,1,"Antenna not on a pronounced shelf","2005-02-02 16:10:18","2005-02-02 17:10:48","katjacs"
1029,913,2,"Antenna inserted close to the mouth","2005-02-02 16:18:39","2005-02-03 13:37:33","katjacs"
1177,256,1,"Face, anterior","2005-01-26 17:21:56","2005-01-26 18:23:21","wharton"
1177,257,2,"Face, oblique showing clypeus concealing labrum","2005-01-26 17:22:02","2005-01-26 18:23:21","wharton"
1177,258,3,"head and mesosoma, dorsal view","2005-01-26 17:22:13","2005-01-26 18:23:21","wharton"
1229,51,1,"Forewing.","2005-01-31 09:58:49","2005-01-31 10:58:56","matt"
1229,818,3,"Female clava.","2005-01-31 09:59:56","2005-01-31 11:00:05","matt"
1229,820,2,"Female clava.","2005-01-31 09:59:52","2005-01-31 11:00:05","matt"
1231,702,2,"<i>Coptera</i> sp. head anterior","2005-02-01 16:23:01","2005-02-01 17:25:36","sonia"
1231,724,1,"<i>Psilus</i> sp. head: anterior","2005-02-01 16:22:55","2005-02-01 17:25:36","sonia"
1231,832,3,"<i>Psilus</i> sp. head: lateral","2005-02-01 16:23:07","2005-02-01 17:25:36","sonia"
1231,847,4,"<i>Coptera</i> sp. head: lateral","2005-02-01 16:23:17","2005-02-01 17:25:36","sonia"
1717,919,1,"","2005-05-22 15:00:35","2005-05-22 16:55:32","wharton"
1717,921,4,"","2005-05-22 15:01:19","2005-05-22 16:55:41","wharton"
1717,922,3,"","2005-05-22 15:01:51","2005-05-22 16:55:41","wharton"
1717,923,5,"","2005-05-22 15:02:16","2005-05-22 16:54:40","wharton"
1717,924,6,"","2005-05-22 15:03:01","2005-05-22 16:54:28","wharton"
1717,925,10,"","2005-05-22 15:03:13","2005-05-22 16:53:55","wharton"
1717,929,7,"","2005-05-22 15:05:19","2005-05-22 16:53:36","wharton"
1717,933,8,"","2005-05-22 15:06:24","2005-05-22 16:53:44","wharton"
1717,935,9,"","2005-05-22 15:07:02","2005-05-22 16:53:55","wharton"
1717,936,2,"","2005-05-22 15:08:04","2005-05-22 16:55:35","wharton"
1717,937,11,"","2005-05-22 15:08:13","2005-05-22 16:44:11","wharton"
1718,1061,16,"","2005-05-22 15:34:16","2005-05-22 16:34:16","wharton"
1718,1064,17,"","2005-05-22 15:34:26","2005-05-22 16:34:26","wharton"
1718,1065,18,"","2005-05-22 15:34:31","2005-05-22 16:34:31","wharton"
1718,1071,19,"","2005-05-22 15:34:42","2005-05-22 16:34:42","wharton"
1718,1073,20,"","2005-05-22 15:34:50","2005-05-22 16:34:50","wharton"
1718,1079,7,"","2005-05-22 15:32:54","2005-05-22 16:32:54","wharton"
1718,1080,8,"","2005-05-22 15:33:02","2005-05-22 16:33:02","wharton"
1718,1085,9,"","2005-05-22 15:33:10","2005-05-22 16:33:10","wharton"
1718,1087,10,"","2005-05-22 15:33:17","2005-05-22 16:33:17","wharton"
1718,1089,11,"","2005-05-22 15:33:22","2005-05-22 16:33:22","wharton"
1718,1091,12,"","2005-05-22 15:33:34","2005-05-22 16:33:34","wharton"
1718,1092,13,"","2005-05-22 15:33:39","2005-05-22 16:33:39","wharton"
1718,1094,14,"","2005-05-22 15:33:44","2005-05-22 16:33:44","wharton"
1718,1099,15,"","2005-05-22 15:34:01","2005-05-22 16:34:01","wharton"
1718,1102,3,"","2005-05-22 15:32:22","2005-05-22 16:32:22","wharton"
1718,1103,4,"","2005-05-22 15:32:28","2005-05-22 16:32:28","wharton"
1718,1104,5,"","2005-05-22 15:32:34","2005-05-22 16:32:34","wharton"
1718,1105,6,"","2005-05-22 15:32:39","2005-05-22 16:32:39","wharton"
1718,1106,1,"","2005-05-22 15:31:52","2005-05-22 16:31:52","wharton"
1718,1107,2,"","2005-05-22 15:32:10","2005-05-22 16:32:10","wharton"
1976,1511,1,"Mallochia laevis (male) face","2005-07-05 16:49:05","2005-07-05 17:51:35","kira"
1981,1505,1,"Mallochia frontalis (male) face","2005-07-05 17:03:44","2005-07-05 18:03:56","kira"
1981,1506,2,"Mallochia frontalis (male) habitus","2005-07-05 17:04:14","2005-07-05 18:04:26","kira"
1983,1501,2,"Mallochia agenioides (Male) habitus","2005-07-05 17:07:06","2005-07-05 18:07:31","kira"
1983,1502,1,"Mallochia agenioides (Male) face","2005-07-05 17:06:59","2005-07-05 18:07:31","kira"
1983,1524,3,"Mallochia agenioides (Male) propodeum","2005-07-05 17:09:29","2005-07-05 18:09:50","kira"
1984,1515,1,"Mallochia pyralidis (Male) face","2005-07-05 17:08:21","2005-07-05 18:08:51","kira"
1984,1516,2,"Mallochia pyralidis (Male) habitus","2005-07-05 17:08:26","2005-07-05 18:08:51","kira"
1984,1523,3,"Mallochia pyralidis (Male) propodeum","2005-07-05 17:10:11","2005-07-05 18:10:22","kira"
1987,1513,1,"Mallochia pyralidis (female) face","2005-07-05 17:19:46","2005-07-05 18:20:19","kira"
1987,1514,2,"Mallochia pyralidis (female) habitus","2005-07-05 17:19:50","2005-07-05 18:20:19","kira"
1988,1499,1,"Mallochia agenioides (female) habitus","2005-07-05 17:21:10","2005-07-05 18:21:34","kira"
1988,1500,2,"Mallochia agenioides (female) face","2005-07-05 17:21:13","2005-07-05 18:21:34","kira"
1991,1509,2,"Mallochia laevis (female) face","2005-07-05 17:24:43","2005-07-05 18:25:33","kira"
1991,1510,3,"Mallochia laevis (female) habitus","2005-07-05 17:24:49","2005-07-05 18:25:34","kira"
1991,1522,1,"Mallochia laevis (female) head and thorax","2005-07-05 17:24:36","2005-07-05 18:25:33","kira"
1996,1519,1,"Mallochia townesi (female) face","2005-07-05 17:29:49","2005-07-05 18:30:44","kira"
1996,1520,2,"Mallochia townesi (female) habitus","2005-07-05 17:29:53","2005-07-05 18:30:44","kira"
1997,1503,2,"Mallochia frontalis (female) face","2005-07-05 17:35:07","2005-07-05 18:36:02","kira"
1997,1504,3,"Mallochia frontalis (female) habitus","2005-07-05 17:35:10","2005-07-05 18:36:02","kira"
1997,1521,1,"Mallochia frontalis (female) head and mesosoma","2005-07-05 17:35:03","2005-07-05 18:36:02","kira"
1999,1396,1,"hjghjklg","2005-09-30 16:30:09","2005-09-30 17:30:17","krishna"
2001,827,1,"","2005-10-11 18:12:23","2005-10-11 19:12:23","matt"
2003,46,1,"<i>Coptera</i> forewing.","2005-11-09 08:59:35","2005-11-09 09:59:50","matt"
2005,832,1,"","2005-10-11 18:16:57","2005-10-11 19:16:57","matt"
2006,46,1,"","2005-10-11 18:13:21","2005-10-11 19:13:21","matt"
2006,848,2,"","2005-10-11 18:17:29","2005-10-11 19:17:29","matt"
2008,50,1,"","2005-11-09 09:05:17","2005-11-09 10:05:17","matt"
2008,51,2,"","2005-11-09 09:05:21","2005-11-09 10:05:21","matt"
2049,51,2,"<i> Monelata </i> venation is nearly identical to this <i>Trichopria<i> forewing.","2005-11-09 09:15:38","2005-11-09 10:16:33","matt"
2049,824,1,"","2005-10-12 15:27:32","2005-10-12 16:27:32","matt"
2050,50,1,"","2005-11-09 09:17:18","2005-11-09 10:17:18","matt"
2058,910,1,"","2005-11-09 11:49:07","2005-11-09 12:49:07","matt"
2071,716,1,"","2005-10-11 18:25:32","2005-10-11 19:25:32","matt"
2108,322,1,"","2005-11-09 09:41:11","2005-11-09 10:41:11","matt"
2163,839,8,"Female- left antenna lateral view.","2005-10-11 18:03:54","2005-10-11 19:08:04","matt"
2163,840,5,"Dorso-apical gaster.","2005-10-11 18:03:42","2005-10-11 19:08:20","matt"
2163,841,1,"Face.","2005-10-11 18:04:08","2005-10-11 19:06:18","matt"
2163,842,2,"Female, dorsal view (forewings missing).","2005-10-11 18:04:43","2005-10-11 19:07:42","matt"
2163,843,3,"Female, lateral view (forewings missing).","2005-10-11 18:04:59","2005-10-11 19:08:17","matt"
2163,845,4,"Thorax, dorsal view.","2005-10-11 18:05:25","2005-10-11 19:08:20","matt"
2163,846,6,"Forewing.","2005-10-11 18:04:18","2005-10-11 19:08:09","matt"
2163,889,9,"Head, dorsal view.","2005-10-11 18:05:11","2005-10-11 19:08:01","matt"
2163,893,7,"Note gap between submarginal vein and anterior margin of forewing.","2005-10-11 18:04:31","2005-10-11 19:08:07","matt"
2268,1549,1,"","2006-06-27 11:25:33","2006-06-27 12:25:33","kira"
2269,1445,1,"","2006-06-27 11:26:30","2006-06-27 12:26:30","kira"
2270,1447,1,"","2006-06-27 11:28:33","2006-06-27 12:28:33","kira"
2271,1555,1,"","2006-06-27 11:29:40","2006-06-27 12:29:40","kira"
2272,1544,2,"","2006-06-27 11:32:38","2006-06-27 12:32:38","kira"
2272,1545,1,"","2006-06-27 11:32:31","2006-06-27 12:32:31","kira"
2273,1446,2,"","2006-06-27 11:33:02","2006-06-27 12:33:02","kira"
2273,1447,1,"","2006-06-27 11:32:56","2006-06-27 12:32:56","kira"
2276,1557,1,"","2006-06-28 13:34:02","2006-06-28 14:34:02","kira"
2276,1746,2,"","2006-06-28 13:57:30","2006-06-28 14:57:30","kira"
2277,1555,1,"","2006-06-28 13:34:59","2006-06-28 14:34:59","kira"
2277,1745,2,"","2006-06-28 13:57:42","2006-06-28 14:57:42","kira"
2278,1454,2,"","2006-06-28 13:38:48","2006-06-28 14:38:48","kira"
2278,1455,1,"","2006-06-28 13:38:43","2006-06-28 14:38:43","kira"
2279,1548,1,"","2006-06-28 13:40:33","2006-06-28 14:40:33","kira"
2279,1552,2,"","2006-06-28 13:40:37","2006-06-28 14:40:37","kira"
2280,1548,1,"","2006-06-28 13:42:25","2006-06-28 14:42:25","kira"
2280,1549,2,"","2006-06-28 13:42:30","2006-06-28 14:42:30","kira"
2281,1552,1,"","2006-06-28 13:43:25","2006-06-28 14:43:25","kira"
2281,1553,2,"","2006-06-28 13:43:29","2006-06-28 14:43:29","kira"
2282,1744,1,"","2006-06-28 13:50:51","2006-06-28 14:50:51","kira"
2283,1747,1,"","2006-06-28 14:01:12","2006-06-28 15:01:12","kira"
2284,1748,1,"","2006-06-28 14:14:48","2006-06-28 15:14:48","kira"
2284,1749,2,"","2006-06-28 14:14:52","2006-06-28 15:14:52","kira"
2285,1750,1,"","2006-06-28 14:18:45","2006-06-28 15:18:45","kira"
2286,1531,2,"","2006-06-28 14:30:10","2006-06-28 15:30:10","kira"
2286,1532,3,"","2006-06-28 14:30:15","2006-06-28 15:30:15","kira"
2286,1750,1,"","2006-06-28 14:23:07","2006-06-28 15:23:07","kira"
2288,1546,1,"","2006-06-28 14:25:52","2006-06-28 15:25:52","kira"
2288,1547,2,"","2006-06-28 14:25:57","2006-06-28 15:25:57","kira"
2289,1533,1,"","2006-06-28 14:26:55","2006-06-28 15:26:55","kira"
2289,1534,2,"","2006-06-28 14:26:59","2006-06-28 15:26:59","kira"
2290,1751,1,"","2006-06-28 14:39:27","2006-06-28 15:39:27","kira"
2291,1752,1,"","2006-06-28 14:39:39","2006-06-28 15:39:39","kira"
2291,1753,2,"","2006-06-28 14:39:44","2006-06-28 15:39:44","kira"
2292,1550,1,"","2006-06-28 14:47:39","2006-06-28 15:47:39","kira"
2292,1551,2,"","2006-06-28 14:47:42","2006-06-28 15:47:42","kira"
2293,1530,1,"","2006-06-28 14:49:12","2006-06-28 15:49:12","kira"
2294,1458,2,"","2006-06-28 14:50:37","2006-06-28 15:50:37","kira"
2294,1492,1,"","2006-06-28 14:50:27","2006-06-28 15:50:29","kira"
2295,1529,1,"","2006-06-28 14:50:54","2006-06-28 15:50:54","kira"
2295,1530,2,"","2006-06-28 14:51:03","2006-06-28 15:51:03","kira"
2296,1566,1,"","2006-06-28 15:28:39","2006-06-28 16:28:39","kira"
2296,1567,2,"","2006-06-28 15:28:45","2006-06-28 16:28:45","kira"
2298,1495,1,"","2006-06-28 15:31:12","2006-06-28 16:31:12","kira"
2298,1525,2,"","2006-06-28 15:31:16","2006-06-28 16:31:16","kira"
2299,1338,1,"","2006-06-28 15:32:48","2006-06-28 16:32:48","kira"
2299,1462,2,"","2006-06-28 15:32:52","2006-06-28 16:32:52","kira"
2300,1495,2,"","2006-06-28 15:36:52","2006-06-28 16:36:52","kira"
2300,1496,1,"","2006-06-28 15:36:47","2006-06-28 16:36:47","kira"
2302,1440,3,"","2006-06-28 15:38:07","2006-06-28 16:38:07","kira"
2302,1442,2,"","2006-06-28 15:37:59","2006-06-28 16:37:59","kira"
2302,1444,1,"","2006-06-28 15:37:53","2006-06-28 16:37:53","kira"
2304,1450,1,"","2006-06-28 15:39:57","2006-06-28 16:39:57","kira"
2304,1451,2,"","2006-06-28 15:40:05","2006-06-28 16:40:05","kira"
2305,1525,2,"","2006-06-28 15:40:33","2006-06-28 16:40:33","kira"
2305,1526,1,"","2006-06-28 15:40:30","2006-06-28 16:40:30","kira"
2306,1755,2,"","2006-06-28 15:54:05","2006-06-28 16:54:05","kira"
2306,1756,1,"","2006-06-28 15:53:59","2006-06-28 16:53:59","kira"
2307,1418,2,"","2006-06-28 15:47:04","2006-06-28 16:47:04","kira"
2307,1754,1,"","2006-06-28 15:46:59","2006-06-28 16:46:59","kira"
2308,1421,4,"","2006-06-28 16:09:06","2006-06-28 17:09:06","kira"
2308,1487,2,"","2006-06-28 15:57:36","2006-06-28 16:57:36","kira"
2308,1542,1,"","2006-06-28 15:57:30","2006-06-28 16:57:30","kira"
2308,1559,3,"","2006-06-28 16:07:35","2006-06-28 17:07:35","kira"
2309,1338,4,"","2006-06-28 16:08:04","2006-06-28 17:08:04","kira"
2309,1541,2,"","2006-06-28 15:57:55","2006-06-28 16:57:55","kira"
2309,1543,1,"","2006-06-28 15:57:49","2006-06-28 16:57:49","kira"
2309,1561,3,"","2006-06-28 16:07:56","2006-06-28 17:07:56","kira"
2310,1419,3,"","2006-06-28 16:01:08","2006-06-28 17:01:08","kira"
2310,1445,1,"","2006-06-28 16:00:54","2006-06-28 17:00:54","kira"
2310,1490,2,"","2006-06-28 16:01:01","2006-06-28 17:01:01","kira"
2311,1417,3,"","2006-06-28 16:01:47","2006-06-28 17:01:47","kira"
2311,1486,2,"","2006-06-28 16:01:44","2006-06-28 17:01:44","kira"
2311,1560,1,"","2006-06-28 16:01:41","2006-06-28 17:01:41","kira"
