1,"South Africa",320,"South Africa","","","",\N
2,"Zaire",320,"Zaire","","","",\N
3,"Zimbabwe",320,"Zimbabwe","","","",\N
4,"Canada",320,"Canada","","","",\N
5,"USA",320,"USA","","","",\N
6,"Mexico",320,"Mexico","","","",\N
7,"Malawi",320,"Malawi","","","",\N
8,"Namibia",320,"Namibia","","","",\N
9,"Botswana",320,"Botswana","","","",\N
10,"Mozambique",320,"Mozambique","","","",\N
11,"Nearctic",318,"","","","",\N
12,"Neotropical",318,"","","","",\N
13,"Palearctic",318,"","","","",\N
14,"Ethiopian",318,"","","","",\N
15,"Oriental",318,"","","","",\N
16,"Australian",318,"","","","",\N
17,"Oceania",318,"","","","",\N
18,"Nearctic/Neotropical",318,"","","","",\N
19,"Guatemala",320,"Guatemala","","","",\N
20,"Belize",320,"Belize","","","",\N
21,"Honduras",320,"Honduras","","","",\N
22,"Nicaragua",320,"Nicaragua","","","",\N
23,"Costa Rica",320,"Costa Rica","","","",\N
24,"Panama",320,"Panama","","","",\N
25,"Colombia",320,"Colombia","","","",\N
26,"Venezuela",320,"Venezuela","","","",\N
27,"Brazil",320,"Brazil","","","",\N
28,"Guyana",320,"Guyana","","","",\N
29,"French Guyana",326,"France","French Guyana","","",\N
30,"Ecuador",320,"Ecuador","","","",\N
31,"Peru",320,"Peru","","","",\N
32,"Bolivia",320,"Bolivia","","","",\N
33,"Paraguay",320,"Paraguay","","","",\N
34,"Chile",320,"Chile","","","",\N
35,"Argentina",320,"Argentina","","","",\N
36,"Uruguay",320,"Uruguay","","","",\N
37,"Cape Province",321,"South Africa","Cape Province","","",\N
38,"Orange Free State",321,"South Africa","Orange Free State","","",\N
39,"Transvaal",321,"South Africa","Transvaal","","",\N
40,"Natal",321,"South Africa","Natal","","",\N
41,"Lesotho",320,"Lesotho","","","",\N
42,"Swaziland",320,"Swaziland","","","",\N
44,"Madagascar",320,"Madagascar","","","",\N
46,"Tanzania",320,"Tanzania","","","",\N
47,"Burundi",320,"Burundi","","","",\N
48,"Rwanda",320,"Rwanda","","","",\N
50,"Congo",320,"Congo","","","",\N
51,"Uganda",320,"Uganda","","","",\N
52,"Kenya",320,"Kenya","","","",\N
53,"Ethiopia",320,"Ethiopia","","","",\N
54,"Somalia",320,"Somalia","","","",\N
55,"Dijbouti",320,"Dijbouti","","","",\N
56,"Sudan",320,"Sudan","","","",\N
57,"Egypt",320,"Egypt","","","",\N
58,"Libya",320,"Libya","","","",\N
59,"Chad",320,"Chad","","","",\N
60,"Central African Republic",320,"Central African Republic","","","",\N
61,"Gabon",320,"Gabon","","","",\N
62,"Equatorial Guinea",320,"Equatorial Guinea","","","",\N
63,"Sao Tome and Principe",320,"Sao Tome and Principe","","","",\N
64,"Cameroon",320,"Cameroon","","","",\N
65,"Nigeria",320,"Nigeria","","","",\N
66,"Niger",320,"Niger","","","",\N
67,"Benin",320,"Benin","","","",\N
68,"Togo",320,"Togo","","","",\N
69,"Ghana",320,"Ghana","","","",\N
70,"Ivory Coast",320,"Ivory Coast","","","",\N
71,"Liberia",320,"Liberia","","","",\N
72,"Sierra Leone",320,"Sierra Leone","","","",\N
73,"Guinea",320,"Guinea","","","",\N
74,"Guinea-Bissau",320,"Guinea-Bissau","","","",\N
75,"Senegal",320,"Senegal","","","",\N
76,"Gambia",320,"Gambia","","","",\N
77,"Upper Volta",320,"Upper Volta","","","",\N
78,"Mali",320,"Mali","","","",\N
79,"Mauritania",320,"Mauritania","","","",\N
80,"Western Sahara",320,"Western Sahara","","","",\N
81,"Morocco",320,"Morocco","","","",\N
82,"Algeria",320,"Algeria","","","",\N
83,"Tunisia",320,"Tunisia","","","",\N
84,"Yemen",320,"Yemen","","","",\N
85,"P. D. R. of Yemen",320,"P. D. R. of Yemen","","","",\N
86,"Oman",320,"Oman","","","",\N
87,"United Arab Emirates",320,"United Arab Emirates","","","",\N
88,"Qatar",320,"Qatar","","","",\N
89,"Bahrain",320,"Bahrain","","","",\N
90,"Saudi Arabia",320,"Saudi Arabia","","","",\N
91,"Kuwait",320,"Kuwait","","","",\N
92,"Iraq",320,"Iraq","","","",\N
93,"Iran",320,"Iran","","","",\N
94,"Jordan",320,"Jordan","","","",\N
95,"Israel",320,"Israel","","","",\N
96,"Lebanon",320,"Lebanon","","","",\N
97,"Syria",320,"Syria","","","",\N
98,"Cyprus",320,"Cyprus","","","",\N
99,"Turkey",320,"Turkey","","","",\N
100,"Russia",320,"Russia","","","",\N
101,"Greece",320,"Greece","","","",\N
102,"Bulgaria",320,"Bulgaria","","","",\N
103,"Albania",320,"Albania","","","",\N
104,"Yugoslavia",320,"Yugoslavia","","","",\N
105,"Romania",320,"Romania","","","",\N
106,"Hungary",320,"Hungary","","","",\N
107,"Czechoslovakia",320,"Czechoslovakia","","","",\N
108,"Austria",320,"Austria","","","",\N
109,"Poland",320,"Poland","","","",\N
110,"Italy",320,"Italy","","","",\N
111,"Switzerland",320,"Switzerland","","","",\N
112,"Portugal",320,"Portugal","","","",\N
113,"Spain",320,"Spain","","","",\N
114,"France",320,"France","","","",\N
115,"Ireland",320,"Ireland","","","",\N
116,"United Kingdom",320,"United Kingdom","","","",\N
117,"Belgium",320,"Belgium","","","",\N
118,"Netherlands",320,"Netherlands","","","",\N
119,"Germany",320,"Germany","","","",\N
120,"Denmark",320,"Denmark","","","",\N
121,"Norway",320,"Norway","","","",\N
122,"Sweden",320,"Sweden","","","",\N
123,"Finland",320,"Finland","","","",\N
124,"Greenland",143,"Denmark","","","",\N
125,"Iceland",320,"Iceland","","","",\N
126,"Shetland Islands",323,"United Kingdom","","","",\N
127,"Orkney Islands",323,"United Kingdom","","","",\N
128,"Azores",323,"Portugal","Azores","","",\N
129,"Madeira",323,"Portugal","","","",\N
130,"Canary Islands",323,"Spain","","","",\N
131,"Cape Verde Islands",320,"Cape Verde Islands","","","",\N
132,"Ascension",143,"United Kingdom","","","",\N
133,"Saint Helena",143,"United Kingdom","Saint Helena","","",\N
134,"Tristan da Cunha Group",323,"United Kingdom","","","",\N
135,"Gough",143,"United Kingdom","","","",\N
136,"Ilhas da Trindade",323,"Brazil","","","",\N
137,"South Georgia",143,"United Kingdom","","","",\N
138,"South Sandwich Islands",323,"United Kingdom","","","",\N
139,"Bouvet",143,"Norway","Bouvet","","",\N
140,"Prince Edward Islands",323,"South Africa","","","",\N
141,"Iles Crozet",323,"France","","","",\N
142,"Iles Kerguelen",323,"France","","","",\N
143,"McDonald Islands",323,"Australia","","","",\N
144,"Australia",10,"Australia","","","",\N
145,"Falkland Islands",323,"United Kingdom","","","",\N
146,"Shag Rocks",143,"United Kingdom","","","",\N
147,"Comoros",320,"Comoros","","","",\N
148,"Mayotte",143,"France","","","",\N
149,"Europa",143,"France","","","",\N
150,"Seychelles",320,"Seychelles","","","",\N
151,"Reunion",326,"France","","","",\N
152,"Mauritius",320,"Mauritius","","","",\N
153,"Amsterdam",143,"France","Amsterdam","","",\N
154,"Saint Paul",143,"France","","","",\N
155,"Zambia",320,"Zambia","","","",\N
156,"Transkei",321,"South Africa","Transkei","","",\N
157,"Angola",320,"Angola","","","",\N
158,"Borneo",143,"","","","",\N
159,"Indonesia",320,"Indonesia","","","",\N
160,"Burkina Faso",320,"Burkina Faso","","","",\N
161,"India",320,"India","","","",\N
162,"Afghanistan",320,"Afghanistan","","","",\N
163,"Pakistan",320,"Pakistan","","","",\N
164,"China",320,"China","","","",\N
165,"Nepal",320,"Nepal","","","",\N
166,"Bhutan",320,"Bhutan","","","",\N
167,"Sikkim",320,"Sikkim","","","",\N
168,"Bangladesh",320,"Bangladesh","","","",\N
169,"Burma",320,"Burma","","","",\N
170,"Thailand",320,"Thailand","","","",\N
171,"Kampuchea",320,"Kampuchea","","","",\N
172,"Malaysia",320,"Malaysia","","","",\N
173,"Andaman Islands",323,"India","","","",\N
174,"Nicobar Islands",323,"India","","","",\N
175,"Laos",320,"Laos","","","",\N
176,"Vietnam",320,"Vietnam","","","",\N
177,"Brunei",321,"United Kingdom","Brunei","","",\N
179,"Philippines",320,"Philippines","","","",\N
180,"Papua New Guinea",320,"Papua New Guinea","","","",\N
181,"Taiwan",320,"Taiwan","","","",\N
182,"Japan",320,"Japan","","","",\N
183,"North Korea",320,"North Korea","","","",\N
184,"South Korea",320,"South Korea","","","",\N
185,"Korea",320,"Korea","","","",\N
186,"Sri Lanka",320,"Sri Lanka","","","",\N
187,"New Zealand",320,"New Zealand","","","",\N
188,"New Caledonia",325,"France","New Caledonia","","",\N
189,"New Hebrides",323,"Vanuatu","","","",\N
190,"Solomon Islands",320,"Solomon Islands","","","",\N
191,"Palau",320,"Palau","","","",\N
192,"Federated States of Micronesia",323,"U. S. A.","","","",\N
193,"Northern Mariana Islands",320,"Northern Mariana Islands","","","",\N
194,"Guam",143,"U. S. A.","Guam","","",\N
195,"Marshal Islands",320,"Marshal Islands","","","",\N
196,"Vanuatu",320,"Vanuatu","","","",\N
197,"Kiribati",320,"Kiribati","","","",\N
198,"Tokelau",143,"New Zealand","","","",\N
199,"Fiji",320,"Fiji","","","",\N
200,"Tonga",320,"Tonga","","","",\N
201,"Wallis and Futuna",323,"France","","","",\N
202,"Western Samoa",323,"U. S. A.","","","",\N
203,"American Samoa",323,"U. S. A.","American Samoa","","",\N
204,"Niue",143,"New Zealand","","","",\N
205,"Cook Islands",323,"New Zealand","","","",\N
206,"French Polynesia",325,"France","French Polynesia","","",\N
207,"Pitcairn",143,"United Kingdom","","","",\N
208,"Mongolia",320,"Mongolia","","","",\N
209,"Anhwei",321,"China","Anhwei","","",\N
210,"Chekiang",321,"China","Chekiang","","",\N
211,"Fukien",321,"China","Fukien","","",\N
212,"Heliungkiang",321,"China","Heliungkiang","","",\N
213,"Honan",321,"China","Honan","","",\N
214,"Hopeh",321,"China","Hopeh","","",\N
215,"Hunan",321,"China","Hunan","","",\N
216,"Hupeh",321,"China","Hupeh","","",\N
217,"Kansu",321,"China","Kansu","","",\N
218,"Kiangsi",321,"China","Kiangsi","","",\N
219,"Kiangsu",321,"China","Kiangsu","","",\N
220,"Kirin",321,"China","Kirin","","",\N
221,"Kwangtung",321,"China","Kwangtung","","",\N
222,"Kweichow",321,"China","Kweichow","","",\N
223,"Liaoning",321,"China","Liaoning","","",\N
224,"Shansi",321,"China","Shansi","","",\N
225,"Shantung",321,"China","Shantung","","",\N
226,"Shensi",321,"China","Shensi","","",\N
227,"Szechwan",321,"China","Szechwan","","",\N
228,"Tsinghai",321,"China","Tsinghai","","",\N
229,"Yunnan",321,"China","Yunnan","","",\N
230,"Inner Mongolia",322,"China","Inner Mongolia","","",\N
231,"Kwangsi Chuang",322,"China","Kwangsi Chuang","","",\N
232,"Ningsia Hui",322,"China","Ningsia Hui","","",\N
233,"Sinkiang Uighur",322,"China","Sinkiang Uighur","","",\N
234,"Tibet",322,"China","Tibet","","",\N
235,"Cuba",320,"Cuba","","","",\N
236,"Galapagos Islands",323,"Ecuador","Galapagos Islands","","",\N
237,"El Salvador",320,"El Salvador","","","",\N
238,"Bahamas",320,"Bahamas","","","",\N
239,"Cayman Islands",323,"United Kingdom","Cayman Islands","","",\N
240,"Jamaica",320,"Jamaica","","","",\N
241,"Haiti",320,"Haiti","","","",\N
242,"Dominican Republic",320,"Dominican Republic","","","",\N
243,"Turks and Caicos",323,"United Kingdom","Turks and Caicos","","",\N
244,"Puerto Rico",143,"U. S. A.","Puerto Rico","","",\N
245,"Netherlands Antilles",320,"Netherlands Antilles","","","",\N
246,"Virgin Islands (U.K.)",323,"United Kingdom","Virgin Islands (U.K.)","","",\N
247,"Anguilla",143,"United Kingdom","","","",\N
248,"Saint Cristopher-Nevis",143,"United Kingdom","","","",\N
249,"Antigua",320,"Antigua","","","",\N
250,"Guadeloupe",326,"France","Guadeloupe","","",\N
251,"Dominica",320,"Dominica","","","",\N
252,"Martinique",326,"France","Martinique","","",\N
253,"Saint Lucia",320,"Saint Lucia","","","",\N
254,"Saint Vincent",320,"Saint Vincent","","","",\N
255,"Grenada",320,"Grenada","","","",\N
256,"Barbados",320,"Barbados","","","",\N
257,"Trinidad and Tobago",320,"Trinidad and Tobago","","","",\N
258,"Virgin Islands (USA)",323,"U. S. A.","Virgin Islands (USA)","","",\N
259,"Hawaiian Islands",323,"U. S. A.","","","",\N
260,"Marquesas",323,"French Polynesia","","","",\N
261,"Western Australia",315,"Australia","Western Australia","","",\N
262,"Northern Territory",315,"Australia","Northern Territory","","",\N
263,"South Australia",315,"Australia","South Australia","","",\N
264,"Queensland",315,"Australia","Queensland","","",\N
265,"New South Wales",315,"Australia","New South Wales","","",\N
266,"Victoria",315,"Australia","Victoria","","",\N
267,"Tasmania",315,"Australia","Tasmania","","",\N
268,"Australian Capital Territory",315,"Australia","Australian Capital Territory","","",\N
381,"Alabama",315,"U. S. A.","Alabama","","",\N
382,"Alaska",315,"U. S. A.","Alaska","","",\N
383,"Arizona",315,"U. S. A.","Arizona","","",\N
384,"Arkansas",315,"U. S. A.","Arkansas","","",\N
385,"California",315,"U. S. A.","California","","",\N
386,"Colorado",315,"U. S. A.","Colorado","","",\N
387,"Connecticut",315,"U. S. A.","Connecticut","","",\N
388,"Delaware",315,"U. S. A.","Delaware","","",\N
389,"District of Columbia",317,"U. S. A.","District of Columbia","","",\N
390,"Florida",315,"U. S. A.","Florida","","",\N
391,"Georgia",315,"U. S. A.","Georgia","","",\N
392,"Hawaii",315,"U. S. A.","Hawaii","","",\N
393,"Idaho",315,"U. S. A.","Idaho","","",\N
394,"Illinois",315,"U. S. A.","Illinois","","",\N
395,"Indiana",315,"U. S. A.","Indiana","","",\N
396,"Iowa",315,"U. S. A.","Iowa","","",\N
397,"Kansas",315,"U. S. A.","Kansas","","",\N
398,"Kentucky",315,"U. S. A.","Kentucky","","",\N
399,"Louisiana",315,"U. S. A.","Louisiana","","",\N
400,"Maine",315,"U. S. A.","Maine","","",\N
401,"Maryland",315,"U. S. A.","Maryland","","",\N
402,"Massachusetts",315,"U. S. A.","Massachusetts","","",\N
403,"Michigan",315,"U. S. A.","Michigan","","",\N
404,"Minnesota",315,"U. S. A.","Minnesota","","",\N
405,"Mississippi",315,"U. S. A.","Mississippi","","",\N
406,"Missouri",315,"U. S. A.","Missouri","","",\N
407,"Montana",315,"U. S. A.","Montana","","",\N
408,"Nebraska",315,"U. S. A.","Nebraska","","",\N
409,"Nevada",315,"U. S. A.","Nevada","","",\N
410,"New Hampshire",315,"U. S. A.","New Hampshire","","",\N
411,"New Jersey",315,"U. S. A.","New Jersey","","",\N
412,"New Mexico",315,"U. S. A.","New Mexico","","",\N
413,"New York",315,"U. S. A.","New York","","",\N
414,"North Carolina",315,"U. S. A.","North Carolina","","",\N
415,"North Dakota",315,"U. S. A.","North Dakota","","",\N
416,"Ohio",315,"U. S. A.","Ohio","","",\N
417,"Oklahoma",315,"U. S. A.","Oklahoma","","",\N
418,"Oregon",315,"U. S. A.","Oregon","","",\N
419,"Pennsylvania",315,"U. S. A.","Pennsylvania","","",\N
420,"Rhode Island",315,"U. S. A.","Rhode Island","","",\N
421,"South Carolina",315,"U. S. A.","South Carolina","","",\N
422,"South Dakota",315,"U. S. A.","South Dakota","","",\N
423,"Tennessee",315,"U. S. A.","Tennessee","","",\N
424,"Texas",315,"U. S. A.","Texas","","",\N
425,"Utah",315,"U. S. A.","Utah","","",\N
426,"Vermont",315,"U. S. A.","Vermont","","",\N
427,"Virginia",315,"U. S. A.","Virginia","","",\N
428,"Washington",315,"U. S. A.","Washington","","",\N
429,"West Virginia",315,"U. S. A.","West Virginia","","",\N
430,"Wisconsin",315,"U. S. A.","Wisconsin","","",\N
431,"Wyoming",315,"U. S. A.","Wyoming","","",\N
499,"Aleutians East",34,"U. S. A.","Alaska","Aleutians East","",\N
500,"Aleutians West",316,"U. S. A.","Alaska","Aleutians West","",\N
501,"Anchorage",34,"U. S. A.","Alaska","Anchorage","",\N
502,"Bethel",316,"U. S. A.","Alaska","Bethel","",\N
503,"Bristol Bay",34,"U. S. A.","Alaska","Bristol Bay","",\N
504,"Dillingham",316,"U. S. A.","Alaska","Dillingham","",\N
505,"Fairbanks North Star",34,"U. S. A.","Alaska","Fairbanks North Star","",\N
506,"Haines",34,"U. S. A.","Alaska","Haines","",\N
507,"Juneau",34,"U. S. A.","Alaska","Juneau","",\N
508,"Kenai Peninsula",34,"U. S. A.","Alaska","Kenai Peninsula","",\N
509,"Ketchikan Gateway",34,"U. S. A.","Alaska","Ketchikan Gateway","",\N
510,"Kodiak Island",34,"U. S. A.","Alaska","Kodiak Island","",\N
511,"Lake and Peninsula",34,"U. S. A.","Alaska","Lake and Peninsula","",\N
512,"Matanuska-Susitna",34,"U. S. A.","Alaska","Matanuska-Susitna","",\N
513,"Nome",316,"U. S. A.","Alaska","Nome","",\N
514,"North Slope",34,"U. S. A.","Alaska","North Slope","",\N
515,"Northwest Arctic",34,"U. S. A.","Alaska","Northwest Arctic","",\N
516,"Prince of Wales-Outer Ket?",316,"U. S. A.","Alaska","Prince of Wales-Outer Ket?","",\N
517,"Sitka",34,"U. S. A.","Alaska","Sitka","",\N
518,"Skagway-Yakutat-Angoon",316,"U. S. A.","Alaska","Skagway-Yakutat-Angoon","",\N
519,"Southeast Fairbanks",316,"U. S. A.","Alaska","Southeast Fairbanks","",\N
520,"Valdez-Cordova",316,"U. S. A.","Alaska","Valdez-Cordova","",\N
521,"Wade Hampton",316,"U. S. A.","Alaska","Wade Hampton","",\N
522,"Wrangell-Petersburg",316,"U. S. A.","Alaska","Wrangell-Petersburg","",\N
523,"Yukon-Koyukuk",316,"U. S. A.","Alaska","Yukon-Koyukuk","",\N
745,"District of Columbia",316,"U. S. A.","District of Columbia","District of Columbia","",\N
1538,"Acadia",202,"U. S. A.","Louisiana","Acadia","",\N
1539,"Allen",202,"U. S. A.","Louisiana","Allen","",\N
1540,"Ascension",202,"U. S. A.","Louisiana","Ascension","",\N
1541,"Assumption",202,"U. S. A.","Louisiana","Assumption","",\N
1542,"Avoyelles",202,"U. S. A.","Louisiana","Avoyelles","",\N
1543,"Beauregard",202,"U. S. A.","Louisiana","Beauregard","",\N
1544,"Bienville",202,"U. S. A.","Louisiana","Bienville","",\N
1545,"Bossier",202,"U. S. A.","Louisiana","Bossier","",\N
1546,"Caddo",202,"U. S. A.","Louisiana","Caddo","",\N
1547,"Calcasieu",202,"U. S. A.","Louisiana","Calcasieu","",\N
1548,"Caldwell",202,"U. S. A.","Louisiana","Caldwell","",\N
1549,"Cameron",202,"U. S. A.","Louisiana","Cameron","",\N
1550,"Catahoula",202,"U. S. A.","Louisiana","Catahoula","",\N
1551,"Claiborne",202,"U. S. A.","Louisiana","Claiborne","",\N
1552,"Concordia",202,"U. S. A.","Louisiana","Concordia","",\N
1553,"De Soto",202,"U. S. A.","Louisiana","De Soto","",\N
1554,"East Baton Rouge",202,"U. S. A.","Louisiana","East Baton Rouge","",\N
1555,"East Carroll",202,"U. S. A.","Louisiana","East Carroll","",\N
1556,"East Feliciana",202,"U. S. A.","Louisiana","East Feliciana","",\N
1557,"Evangeline",202,"U. S. A.","Louisiana","Evangeline","",\N
1558,"Franklin",202,"U. S. A.","Louisiana","Franklin","",\N
1559,"Grant",202,"U. S. A.","Louisiana","Grant","",\N
1560,"Iberia",202,"U. S. A.","Louisiana","Iberia","",\N
1561,"Iberville",202,"U. S. A.","Louisiana","Iberville","",\N
1562,"Jackson",202,"U. S. A.","Louisiana","Jackson","",\N
1563,"Jefferson",202,"U. S. A.","Louisiana","Jefferson","",\N
1564,"Jefferson Davis",202,"U. S. A.","Louisiana","Jefferson Davis","",\N
1565,"Lafayette",202,"U. S. A.","Louisiana","Lafayette","",\N
1566,"Lafourche",202,"U. S. A.","Louisiana","Lafourche","",\N
1567,"La Salle",202,"U. S. A.","Louisiana","La Salle","",\N
1568,"Lincoln",202,"U. S. A.","Louisiana","Lincoln","",\N
1569,"Livingston",202,"U. S. A.","Louisiana","Livingston","",\N
1570,"Madison",202,"U. S. A.","Louisiana","Madison","",\N
1571,"Morehouse",202,"U. S. A.","Louisiana","Morehouse","",\N
1572,"Natchitoches",202,"U. S. A.","Louisiana","Natchitoches","",\N
1573,"Orleans",202,"U. S. A.","Louisiana","Orleans","",\N
1574,"Ouachita",202,"U. S. A.","Louisiana","Ouachita","",\N
1575,"Plaquemines",202,"U. S. A.","Louisiana","Plaquemines","",\N
1576,"Pointe Coupee",202,"U. S. A.","Louisiana","Pointe Coupee","",\N
1577,"Rapides",202,"U. S. A.","Louisiana","Rapides","",\N
1578,"Red River",202,"U. S. A.","Louisiana","Red River","",\N
1579,"Richland",202,"U. S. A.","Louisiana","Richland","",\N
1580,"Sabine",202,"U. S. A.","Louisiana","Sabine","",\N
1581,"St. Bernard",202,"U. S. A.","Louisiana","St. Bernard","",\N
1582,"St. Charles",202,"U. S. A.","Louisiana","St. Charles","",\N
1583,"St. Helena",202,"U. S. A.","Louisiana","St. Helena","",\N
1584,"St. James",202,"U. S. A.","Louisiana","St. James","",\N
1585,"St. John the Baptist",202,"U. S. A.","Louisiana","St. John the Baptist","",\N
1586,"St. Landry",202,"U. S. A.","Louisiana","St. Landry","",\N
1587,"St. Martin",202,"U. S. A.","Louisiana","St. Martin","",\N
1588,"St. Mary",202,"U. S. A.","Louisiana","St. Mary","",\N
1589,"St. Tammany",202,"U. S. A.","Louisiana","St. Tammany","",\N
1590,"Tangipahoa",202,"U. S. A.","Louisiana","Tangipahoa","",\N
1591,"Tensas",202,"U. S. A.","Louisiana","Tensas","",\N
1592,"Terrebonne",202,"U. S. A.","Louisiana","Terrebonne","",\N
1593,"Union",202,"U. S. A.","Louisiana","Union","",\N
1594,"Vermilion",202,"U. S. A.","Louisiana","Vermilion","",\N
1595,"Vernon",202,"U. S. A.","Louisiana","Vernon","",\N
1597,"Webster",202,"U. S. A.","Louisiana","Webster","",\N
1598,"West Baton Rouge",202,"U. S. A.","Louisiana","West Baton Rouge","",\N
1599,"West Carroll",202,"U. S. A.","Louisiana","West Carroll","",\N
1600,"West Feliciana",202,"U. S. A.","Louisiana","West Feliciana","",\N
1601,"Winn",202,"U. S. A.","Louisiana","Winn","",\N
1641,"Baltimore (City)",317,"U. S. A.","Maryland","Baltimore (City)","",\N
2022,"St. Louis City",317,"U. S. A.","Missouri","St. Louis City","",\N
2188,"Carson (City)",317,"U. S. A.","Nevada","Carson (City)","",\N
3339,"Alexandria (City)",317,"U. S. A.","Virginia","Alexandria (City)","",\N
3340,"Bedford (City)",317,"U. S. A.","Virginia","Bedford (City)","",\N
3341,"Bristol (City)",317,"U. S. A.","Virginia","Bristol (City)","",\N
3342,"Buena Vista (City)",317,"U. S. A.","Virginia","Buena Vista (City)","",\N
3343,"Charlottesville (City)",317,"U. S. A.","Virginia","Charlottesville (City)","",\N
3344,"Chesapeake (City)",317,"U. S. A.","Virginia","Chesapeake (City)","",\N
3345,"Clifton Forge (City)",317,"U. S. A.","Virginia","Clifton Forge (City)","",\N
3346,"Colonial Heights (City)",317,"U. S. A.","Virginia","Colonial Heights (City)","",\N
3347,"Covington City",317,"U. S. A.","Virginia","Covington City","",\N
3348,"Danville (City)",317,"U. S. A.","Virginia","Danville (City)","",\N
3349,"Emporia (City)",317,"U. S. A.","Virginia","Emporia (City)","",\N
3350,"Fairfax (City)",317,"U. S. A.","Virginia","Fairfax (City)","",\N
3351,"Falls Church (City)",317,"U. S. A.","Virginia","Falls Church (City)","",\N
3352,"Franklin (City)",317,"U. S. A.","Virginia","Franklin (City)","",\N
3353,"Fredericksburg (City)",317,"U. S. A.","Virginia","Fredericksburg (City)","",\N
3354,"Galax (City)",317,"U. S. A.","Virginia","Galax (City)","",\N
3355,"Hampton (City)",317,"U. S. A.","Virginia","Hampton (City)","",\N
3356,"Harrisonburg (City)",317,"U. S. A.","Virginia","Harrisonburg (City)","",\N
3357,"Hopewell (City)",317,"U. S. A.","Virginia","Hopewell (City)","",\N
3358,"Lexington (City)",317,"U. S. A.","Virginia","Lexington (City)","",\N
3359,"Lynchburg (City)",317,"U. S. A.","Virginia","Lynchburg (City)","",\N
3360,"Manassas (City)",317,"U. S. A.","Virginia","Manassas (City)","",\N
3361,"Manassas Park (City)",317,"U. S. A.","Virginia","Manassas Park (City)","",\N
3362,"Martinsville (City)",317,"U. S. A.","Virginia","Martinsville (City)","",\N
3363,"Newport News (City)",317,"U. S. A.","Virginia","Newport News (City)","",\N
3364,"Norfolk (City)",317,"U. S. A.","Virginia","Norfolk (City)","",\N
3365,"Norton (City)",317,"U. S. A.","Virginia","Norton (City)","",\N
3366,"Petersburg (City)",317,"U. S. A.","Virginia","Petersburg (City)","",\N
3367,"Poquoson (City)",317,"U. S. A.","Virginia","Poquoson (City)","",\N
3368,"Portsmouth (City)",317,"U. S. A.","Virginia","Portsmouth (City)","",\N
3369,"Radford (City)",317,"U. S. A.","Virginia","Radford (City)","",\N
3370,"Richmond (City)",317,"U. S. A.","Virginia","Richmond (City)","",\N
3371,"Roanoke (City)",317,"U. S. A.","Virginia","Roanoke (City)","",\N
3372,"Salem (City)",317,"U. S. A.","Virginia","Salem (City)","",\N
3373,"South Boston (City)",317,"U. S. A.","Virginia","South Boston (City)","",\N
3374,"Staunton (City)",317,"U. S. A.","Virginia","Staunton (City)","",\N
3375,"Suffolk (City)",317,"U. S. A.","Virginia","Suffolk (City)","",\N
3376,"Virginia Beach (City)",317,"U. S. A.","Virginia","Virginia Beach (City)","",\N
3377,"Waynesboro (City)",317,"U. S. A.","Virginia","Waynesboro (City)","",\N
3378,"Williamsburg (City)",317,"U. S. A.","Virginia","Williamsburg (City)","",\N
3379,"Winchester (City)",317,"U. S. A.","Virginia","Winchester (City)","",\N
3973,"Distrito Federal",324,"Mexico","Distrito Federal","","",\N
3974,"Aguascalientes",324,"Mexico","Aguascalientes","","",\N
3975,"Baja California Norte",324,"Mexico","Baja California Norte","","",\N
3976,"Baja California Sur",324,"Mexico","Baja California Sur","","",\N
3977,"Campeche",324,"Mexico","Campeche","","",\N
3978,"Coahuila",324,"Mexico","Coahuila","","",\N
3979,"Colima",324,"Mexico","Colima","","",\N
3980,"Chiapas",324,"Mexico","Chiapas","","",\N
3981,"Chihuahua",324,"Mexico","Chihuahua","","",\N
3982,"Durango",324,"Mexico","Durango","","",\N
3983,"Guanajuato",324,"Mexico","Guanajuato","","",\N
3984,"Guerrero",324,"Mexico","Guerrero","","",\N
3985,"Hidalgo",324,"Mexico","Hidalgo","","",\N
3986,"Jalisco",324,"Mexico","Jalisco","","",\N
3987,"México",324,"Mexico","México","","",\N
3988,"Michoacán",324,"Mexico","Michoacán","","",\N
3989,"Morelos",324,"Mexico","Morelos","","",\N
3990,"Nayarit",324,"Mexico","Nayarit","","",\N
3991,"Nuevo León",324,"Mexico","Nuevo León","","",\N
3992,"Oaxaca",324,"Mexico","Oaxaca","","",\N
3993,"Puebla",324,"Mexico","Puebla","","",\N
3994,"Querétaro",324,"Mexico","Querétaro","","",\N
3995,"Quintana Roo",324,"Mexico","Quintana Roo","","",\N
3996,"San Luis Potosi",324,"Mexico","San Luis Potosi","","",\N
3997,"Sinaloa",324,"Mexico","Sinaloa","","",\N
3998,"Sonora",324,"Mexico","Sonora","","",\N
3999,"Tabasco",324,"Mexico","Tabasco","","",\N
4000,"Tamaulipas",324,"Mexico","Tamaulipas","","",\N
4001,"Tlaxcala",324,"Mexico","Tlaxcala","","",\N
4002,"Veracruz",324,"Mexico","Veracruz","","",\N
4003,"Yucatán",324,"Mexico","Yucatán","","",\N
4004,"Zacatecas",324,"Mexico","Zacatecas","","",\N
4006,"Alberta",321,"Canada","Alberta","","",\N
4007,"British Columbia",321,"Canada","British Columbia","","",\N
4008,"Manitoba",321,"Canada","Manitoba","","",\N
4009,"New Brunswick",321,"Canada","New Brunswick","","",\N
4010,"Newfoundland",321,"Canada","Newfoundland","","",\N
4011,"Nova Scotia",321,"Canada","Nova Scotia","","",\N
4012,"Ontario",321,"Canada","Ontario","","",\N
4013,"Prince Edward Island",321,"Canada","Prince Edward Island","","",\N
4014,"Quebec",321,"Canada","Quebec","","",\N
4015,"Saskatchewan",321,"Canada","Saskatchewan","","",\N
4016,"Northwest Territories",325,"Canada","Northwest Territories","","",\N
4017,"Yukon Territory",325,"Canada","Yukon Territory","","",\N
4018,"Palearctic/Oriental",318,"","","","",\N
4019,"Suriname",320,"Suriname","","","",\N
4020,"Easter Island",143,"Chile","Easter Island","","",\N
4021,"Juan Fernandez Islands",323,"Chile","Juan Fernandez Islands","","",\N
4022,"Ain",326,"France","Ain","","",\N
4023,"Aisne",326,"France","Aisne","","",\N
4024,"Allier",326,"France","Allier","","",\N
4025,"Alpes-de-Haute Provence",326,"France","Alpes-de-Haute Provence","","",\N
4026,"Alpes-Maritimes",326,"France","Alpes-Maritimes","","",\N
4027,"Ardèche",326,"France","Ardèche","","",\N
4028,"Ardennes",326,"France","Ardennes","","",\N
4029,"Ariège",326,"France","Ariège","","",\N
4030,"Aube",326,"France","Aube","","",\N
4031,"Aude",326,"France","Aude","","",\N
4032,"Aveyron",326,"France","Aveyron","","",\N
4033,"Bas-Rhin",326,"France","Bas-Rhin","","",\N
4034,"Territoire de Belfort",326,"France","Territoire de Belfort","","",\N
4035,"Bouches-du-Rhone",326,"France","Bouches-du-Rhone","","",\N
4036,"Calvados",326,"France","Calvados","","",\N
4037,"Cantal",326,"France","Cantal","","",\N
4038,"Charente",326,"France","Charente","","",\N
4039,"Charente-Maritime",326,"France","Charente-Maritime","","",\N
4040,"Cher",326,"France","Cher","","",\N
4041,"Corrèze",326,"France","Corrèze","","",\N
4042,"Corse-du-Sud",326,"France","Corse-du-Sud","","",\N
4043,"Cote-d'Or",326,"France","Cote-d'Or","","",\N
4044,"Cotes-du-Nord",326,"France","Cotes-du-Nord","","",\N
4045,"Creuse",326,"France","Creuse","","",\N
4046,"Deux-Sèvres",326,"France","Deux-Sèvres","","",\N
4047,"Dordogne",326,"France","Dordogne","","",\N
4048,"Doubs",326,"France","Doubs","","",\N
4049,"Drome",326,"France","Drome","","",\N
4050,"Essonne",326,"France","Essonne","","",\N
4051,"Eure",326,"France","Eure","","",\N
4052,"Eure-et-Loir",326,"France","Eure-et-Loir","","",\N
4053,"Finistère",326,"France","Finistère","","",\N
4054,"Gard",326,"France","Gard","","",\N
4055,"Gers",326,"France","Gers","","",\N
4056,"Gironde",326,"France","Gironde","","",\N
4057,"Haute-Corse",326,"France","Haute-Corse","","",\N
4058,"Haute-Garonne",326,"France","Haute-Garonne","","",\N
4059,"Haute-Loire",326,"France","Haute-Loire","","",\N
4060,"Haute-Marne",326,"France","Haute-Marne","","",\N
4061,"Hautes-Alpes",326,"France","Hautes-Alpes","","",\N
4062,"Haute-Saone",326,"France","Haute-Saone","","",\N
4063,"Haute-Savoie",326,"France","Haute-Savoie","","",\N
4064,"Hautes-Pyrénées",326,"France","Hautes-Pyrénées","","",\N
4065,"Haute-Vienne",326,"France","Haute-Vienne","","",\N
4066,"Haut-Rhin",326,"France","Haut-Rhin","","",\N
4067,"Hauts-de-Seine",326,"France","Hauts-de-Seine","","",\N
4068,"Hérault",326,"France","Hérault","","",\N
4069,"Ille-et-Vilaine",326,"France","Ille-et-Vilaine","","",\N
4070,"Indre",326,"France","Indre","","",\N
4071,"Indre-et-Loire",326,"France","Indre-et-Loire","","",\N
4072,"Isère",326,"France","Isère","","",\N
4073,"Jura",326,"France","Jura","","",\N
4074,"Landes",326,"France","Landes","","",\N
4075,"Loire",326,"France","Loire","","",\N
4076,"Loire-Atlantique",326,"France","Loire-Atlantique","","",\N
4077,"Loiret",326,"France","Loiret","","",\N
4078,"Loir-et-Cher",326,"France","Loir-et-Cher","","",\N
4079,"Lot",326,"France","Lot","","",\N
4080,"Lot-et-Garonne",326,"France","Lot-et-Garonne","","",\N
4081,"Lozère",326,"France","Lozère","","",\N
4082,"Maine-et-Loire",326,"France","Maine-et-Loire","","",\N
4083,"Manche",326,"France","Manche","","",\N
4084,"Marne",326,"France","Marne","","",\N
4085,"Mayenne",326,"France","Mayenne","","",\N
4086,"Meurthe-et-Moselle",326,"France","Meurthe-et-Moselle","","",\N
4087,"Meuse",326,"France","Meuse","","",\N
4088,"Morbihan",326,"France","Morbihan","","",\N
4089,"Moselle",326,"France","Moselle","","",\N
4090,"Nièvre",326,"France","Nièvre","","",\N
4091,"Nord",326,"France","Nord","","",\N
4092,"Oise",326,"France","Oise","","",\N
4093,"Orne",326,"France","Orne","","",\N
4094,"Ville-de-Paris",326,"France","Ville-de-Paris","","",\N
4095,"Pas-de-Calais",326,"France","Pas-de-Calais","","",\N
4096,"Puy-de-Dome",326,"France","Puy-de-Dome","","",\N
4097,"Pyrénées-Atlantiques",326,"France","Pyrénées-Atlantiques","","",\N
4098,"Pyrénées-Orientales",326,"France","Pyrénées-Orientales","","",\N
4099,"Rhone",326,"France","Rhone","","",\N
4100,"Saone-et-Loire",326,"France","Saone-et-Loire","","",\N
4101,"Sarthe",326,"France","Sarthe","","",\N
4102,"Savoie",326,"France","Savoie","","",\N
4103,"Seine-et-Marne",326,"France","Seine-et-Marne","","",\N
4104,"Seine-Maritime",326,"France","Seine-Maritime","","",\N
4105,"Seine-St.-Denis",326,"France","Seine-St.-Denis","","",\N
4106,"Somme",326,"France","Somme","","",\N
4107,"Tarn",326,"France","Tarn","","",\N
4108,"Tarn-et-Garonne",326,"France","Tarn-et-Garonne","","",\N
4109,"Val-de-Marne",326,"France","Val-de-Marne","","",\N
4110,"val-d'Oise",326,"France","val-d'Oise","","",\N
4111,"Var",326,"France","Var","","",\N
4112,"Vaucluse",326,"France","Vaucluse","","",\N
4113,"Vendée",326,"France","Vendée","","",\N
4114,"Vienne",326,"France","Vienne","","",\N
4115,"Vosges",326,"France","Vosges","","",\N
4116,"Yonne",326,"France","Yonne","","",\N
4117,"Yvelines",326,"France","Yvelines","","",\N
4118,"Andorra",320,"Andorra","","","",\N
4119,"Ukraine",320,"Ukraine","","","",\N
4120,"Kirgizia",320,"Kirgizia","","","",\N
4121,"Tadzhikistan",320,"Tadzhikistan","","","",\N
4122,"Armenia",320,"Armenia","","","",\N
4123,"Uzbekistan",320,"Uzbekistan","","","",\N
4124,"Turkmenistan",320,"Turkmenistan","","","",\N
4125,"Slovenia",320,"Slovenia","","","",\N
4126,"Czech Republic",320,"Czech Republic","","","",\N
4127,"Azerbaijan",320,"Azerbaijan","","","",\N
4128,"Kazakhstan",320,"Kazakhstan","","","",\N
4129,"Labrador",315,"Canada","Labrador","","",\N
4130,"North America",10,"","","","",\N
4131,"South America",10,"","","","",\N
4132,"Europe",10,"","","","",\N
4133,"Asia",10,"","","","",\N
4134,"Africa",10,"","","","",\N
4135,"Antarctica",10,"","","","",\N
4136,"Atlantic",197,"","","","",\N
4137,"Pacific",197,"","","","",\N
4138,"Indian",197,"","","","",\N
4139,"Arctic",197,"","","","",\N
4140,"Federal District",324,"Brazil","Federal District","","",\N
4141,"Acre",324,"Brazil","Acre","","",\N
4142,"Alagoas",324,"Brazil","Alagoas","","",\N
4143,"Amazonas",324,"Brazil","Amazonas","","",\N
4144,"Bahia",324,"Brazil","Bahia","","",\N
4145,"Ceará",324,"Brazil","Ceará","","",\N
4146,"Espírito Santo",324,"Brazil","Espírito Santo","","",\N
4147,"Goiás",324,"Brazil","Goiás","","",\N
4148,"Maranhao",324,"Brazil","Maranhao","","",\N
4149,"Mato Grosso",324,"Brazil","Mato Grosso","","",\N
4150,"Mato Grosso do Sul",324,"Brazil","Mato Grosso do Sul","","",\N
4151,"Minas Gerais",324,"Brazil","Minas Gerais","","",\N
4152,"Pará",324,"Brazil","Pará","","",\N
4153,"Paraíba",324,"Brazil","Paraíba","","",\N
4154,"Paraná",324,"Brazil","Paraná","","",\N
4155,"Pernambuco",324,"Brazil","Pernambuco","","",\N
4156,"Piauí",324,"Brazil","Piauí","","",\N
4157,"Rio de Janeiro",324,"Brazil","Rio de Janeiro","","",\N
4158,"Rio Grande do Norte",324,"Brazil","Rio Grande do Norte","","",\N
4159,"Rio Grande do Sul",324,"Brazil","Rio Grande do Sul","","",\N
4160,"Rondônia",324,"Brazil","Rondônia","","",\N
4161,"Santa Catarina",324,"Brazil","Santa Catarina","","",\N
4162,"Sao Paulo",324,"Brazil","Sao Paulo","","",\N
4163,"Sergipe",324,"Brazil","Sergipe","","",\N
4164,"Amapá",325,"Brazil","Amapá","","",\N
4165,"Fernando de Noronha",325,"Brazil","Fernando de Noronha","","",\N
4166,"Roraima",325,"Brazil","Roraima","","",\N
4167,"Federal District",10,"Argentina","Federal District","","",\N
4168,"Buenos Aires",321,"Argentina","Buenos Aires","","",\N
4169,"Catamarca",321,"Argentina","Catamarca","","",\N
4170,"Chaco",321,"Argentina","Chaco","","",\N
4171,"Chubut",321,"Argentina","Chubut","","",\N
4172,"Córdoba",321,"Argentina","Córdoba","","",\N
4173,"Corrientes",321,"Argentina","Corrientes","","",\N
4174,"Entre Ríos",321,"Argentina","Entre Ríos","","",\N
4175,"Formosa",321,"Argentina","Formosa","","",\N
4176,"Jujuy",321,"Argentina","Jujuy","","",\N
4177,"La Pampa",321,"Argentina","La Pampa","","",\N
4178,"La Rioja",321,"Argentina","La Rioja","","",\N
4179,"Mendoza",321,"Argentina","Mendoza","","",\N
4180,"Misiones",321,"Argentina","Misiones","","",\N
4181,"Neuquén",321,"Argentina","Neuquén","","",\N
4182,"Río Negro",321,"Argentina","Río Negro","","",\N
4183,"Salta",321,"Argentina","Salta","","",\N
4184,"San Juan",321,"Argentina","San Juan","","",\N
4185,"San Luis",321,"Argentina","San Luis","","",\N
4186,"Santa Cruz",321,"Argentina","Santa Cruz","","",\N
4187,"Santa Fe",321,"Argentina","Santa Fe","","",\N
4188,"Santiago del Estero",321,"Argentina","Santiago del Estero","","",\N
4189,"Tucumán",321,"Argentina","Tucumán","","",\N
4191,"Chuquisaca",326,"Bolivia","Chuquisaca","","",\N
4192,"Cochabamba",326,"Bolivia","Cochabamba","","",\N
4193,"El Beni",326,"Bolivia","El Beni","","",\N
4194,"La Paz",326,"Bolivia","La Paz","","",\N
4195,"Oruro",326,"Bolivia","Oruro","","",\N
4196,"Pando",326,"Bolivia","Pando","","",\N
4197,"Potosi",326,"Bolivia","Potosi","","",\N
4198,"Santa Cruz",326,"Bolivia","Santa Cruz","","",\N
4199,"Tarija",326,"Bolivia","Tarija","","",\N
4200,"Bogota",327,"Colombia","Bogota","","",\N
4201,"Antioquia",326,"Colombia","Antioquia","","",\N
4202,"Atlántico",326,"Colombia","Atlántico","","",\N
4203,"Bolívar",326,"Colombia","Bolívar","","",\N
4204,"Boyacá",326,"Colombia","Boyacá","","",\N
4205,"Caldas",326,"Colombia","Caldas","","",\N
4206,"Caquetá",326,"Colombia","Caquetá","","",\N
4207,"Cauca",326,"Colombia","Cauca","","",\N
4208,"Chocó",326,"Colombia","Chocó","","",\N
4209,"Córdoba",326,"Colombia","Córdoba","","",\N
4210,"Cundinimarca",326,"Colombia","Cundinimarca","","",\N
4211,"El Cesar",326,"Colombia","El Cesar","","",\N
4212,"Huila",326,"Colombia","Huila","","",\N
4213,"La Guajira",326,"Colombia","La Guajira","","",\N
4214,"Magdalena",326,"Colombia","Magdalena","","",\N
4215,"Meta",326,"Colombia","Meta","","",\N
4216,"Nariño",326,"Colombia","Nariño","","",\N
4217,"Norte de Santander",326,"Colombia","Norte de Santander","","",\N
4218,"Quindío",326,"Colombia","Quindío","","",\N
4219,"Risaralda",326,"Colombia","Risaralda","","",\N
4220,"Santander",326,"Colombia","Santander","","",\N
4221,"Sucre",326,"Colombia","Sucre","","",\N
4222,"Tolima",326,"Colombia","Tolima","","",\N
4223,"Valle del Cauca",326,"Colombia","Valle del Cauca","","",\N
4224,"Arauca",329,"Colombia","Arauca","","",\N
4225,"Casanare",329,"Colombia","Casanare","","",\N
4226,"Putumayo",329,"Colombia","Putumayo","","",\N
4227,"San Andrés y Providencia",329,"Colombia","San Andrés y Providencia","","",\N
4228,"Amazonas",330,"Colombia","Amazonas","","",\N
4229,"Guainía",330,"Colombia","Guainía","","",\N
4230,"Guaviare",330,"Colombia","Guaviare","","",\N
4231,"Vaupés",330,"Colombia","Vaupés","","",\N
4232,"Vichada",330,"Colombia","Vichada","","",\N
4233,"Bocas del Toro",321,"Panama","Bocas del Toro","","",\N
4234,"Chiriquí",321,"Panama","Chiriquí","","",\N
4235,"Coclé",321,"Panama","Coclé","","",\N
4236,"Colón",321,"Panama","Colón","","",\N
4237,"Darién",321,"Panama","Darién","","",\N
4238,"Herrera",321,"Panama","Herrera","","",\N
4239,"Los Santos",321,"Panama","Los Santos","","",\N
4241,"Veraguas",321,"Panama","Veraguas","","",\N
4242,"Alajuela",321,"Costa Rica","Alajuela","","",\N
4243,"Cartago",321,"Costa Rica","Cartago","","",\N
4244,"Guanacaste",321,"Costa Rica","Guanacaste","","",\N
4245,"Heredia",321,"Costa Rica","Heredia","","",\N
4246,"Limón",321,"Costa Rica","Limón","","",\N
4247,"Puntarenas",321,"Costa Rica","Puntarenas","","",\N
4248,"San José",321,"Costa Rica","San José","","",\N
4249,"Boaco",326,"Nicaragua","Boaco","","",\N
4250,"Carazo",326,"Nicaragua","Carazo","","",\N
4251,"Chinandega",326,"Nicaragua","Chinandega","","",\N
4252,"Chontales",326,"Nicaragua","Chontales","","",\N
4253,"Estelf",326,"Nicaragua","Estelf","","",\N
4254,"Granada",326,"Nicaragua","Granada","","",\N
4255,"Jinotega",326,"Nicaragua","Jinotega","","",\N
4256,"León",326,"Nicaragua","León","","",\N
4257,"Madriz",326,"Nicaragua","Madriz","","",\N
4258,"Managua",326,"Nicaragua","Managua","","",\N
4259,"Masaya",326,"Nicaragua","Masaya","","",\N
4260,"Matagalpa",326,"Nicaragua","Matagalpa","","",\N
4261,"Nueva Segovia",326,"Nicaragua","Nueva Segovia","","",\N
4262,"Río San Juan",326,"Nicaragua","Río San Juan","","",\N
4263,"Rivas",326,"Nicaragua","Rivas","","",\N
4264,"Zelaya",326,"Nicaragua","Zelaya","","",\N
4265,"Atlántida",326,"Honduras","Atlántida","","",\N
4266,"Choluteca",326,"Honduras","Choluteca","","",\N
4267,"Colón",326,"Honduras","Colón","","",\N
4268,"Comayagua",326,"Honduras","Comayagua","","",\N
4269,"Copán",326,"Honduras","Copán","","",\N
4270,"Cortés",326,"Honduras","Cortés","","",\N
4271,"El Paraíso",326,"Honduras","El Paraíso","","",\N
4272,"Francisco Morazán",326,"Honduras","Francisco Morazán","","",\N
4273,"Gracias a Dios",326,"Honduras","Gracias a Dios","","",\N
4274,"Intibucá",326,"Honduras","Intibucá","","",\N
4275,"Islas de la Bahía",326,"Honduras","Islas de la Bahía","","",\N
4276,"La Paz",326,"Honduras","La Paz","","",\N
4277,"Lempira",326,"Honduras","Lempira","","",\N
4278,"Ocotepeque",326,"Honduras","Ocotepeque","","",\N
4279,"Olancho",326,"Honduras","Olancho","","",\N
4280,"Santa Bárbara",326,"Honduras","Santa Bárbara","","",\N
4281,"Valle",326,"Honduras","Valle","","",\N
4282,"Yoro",326,"Honduras","Yoro","","",\N
4283,"Ahuachapán",326,"El Salvador","Ahuachapán","","",\N
4284,"Cabañas",326,"El Salvador","Cabañas","","",\N
4285,"Chalatenango",326,"El Salvador","Chalatenango","","",\N
4286,"Cuscatlán",326,"El Salvador","Cuscatlán","","",\N
4287,"La Libertad",326,"El Salvador","La Libertad","","",\N
4288,"La Paz",326,"El Salvador","La Paz","","",\N
4289,"La Unión",326,"El Salvador","La Unión","","",\N
4290,"Morazán",326,"El Salvador","Morazán","","",\N
4291,"San Miguel",326,"El Salvador","San Miguel","","",\N
4292,"San Salvador",326,"El Salvador","San Salvador","","",\N
4293,"Santa Ana",326,"El Salvador","Santa Ana","","",\N
4294,"San Vicente",326,"El Salvador","San Vicente","","",\N
4295,"Sonsonate",326,"El Salvador","Sonsonate","","",\N
4296,"Usulután",326,"El Salvador","Usulután","","",\N
4297,"Belize",331,"Belize","Belize","","",\N
4298,"Cayo",331,"Belize","Cayo","","",\N
4299,"Corozal",331,"Belize","Corozal","","",\N
4300,"Orange Walk",331,"Belize","Orange Walk","","",\N
4301,"Stann Creek",331,"Belize","Stann Creek","","",\N
4302,"Toledo",331,"Belize","Toledo","","",\N
4303,"Alta Verapaz",326,"Guatemala","Alta Verapaz","","",\N
4304,"Baja Verapaz",326,"Guatemala","Baja Verapaz","","",\N
4305,"Chimaltenango",326,"Guatemala","Chimaltenango","","",\N
4306,"Chiquimula",326,"Guatemala","Chiquimula","","",\N
4307,"El Progreso",326,"Guatemala","El Progreso","","",\N
4308,"Escuintla",326,"Guatemala","Escuintla","","",\N
4309,"Guatemala",326,"Guatemala","Guatemala","","",\N
4310,"Huehuetenango",326,"Guatemala","Huehuetenango","","",\N
4311,"Izabal",326,"Guatemala","Izabal","","",\N
4312,"Jalapa",326,"Guatemala","Jalapa","","",\N
4313,"Jutiapa",326,"Guatemala","Jutiapa","","",\N
4314,"Petén",326,"Guatemala","Petén","","",\N
4315,"Quezaltenango",326,"Guatemala","Quezaltenango","","",\N
4316,"Quiché",326,"Guatemala","Quiché","","",\N
4317,"Retalhuleu",326,"Guatemala","Retalhuleu","","",\N
4318,"Sacatepéquez",326,"Guatemala","Sacatepéquez","","",\N
4319,"San Marcos",326,"Guatemala","San Marcos","","",\N
4320,"Santa Rosa",326,"Guatemala","Santa Rosa","","",\N
4321,"Sololá",326,"Guatemala","Sololá","","",\N
4322,"Suchitepéquez",326,"Guatemala","Suchitepéquez","","",\N
4323,"Tononicapán",326,"Guatemala","Tononicapán","","",\N
4324,"Zacapa",326,"Guatemala","Zacapa","","",\N
4325,"Artigas",326,"Uruguay","Artigas","","",\N
4326,"Canelones",326,"Uruguay","Canelones","","",\N
4327,"Cerro Largo",326,"Uruguay","Cerro Largo","","",\N
4328,"Colonia",326,"Uruguay","Colonia","","",\N
4329,"Durazno",326,"Uruguay","Durazno","","",\N
4330,"Flores",326,"Uruguay","Flores","","",\N
4332,"Lavalleja",326,"Uruguay","Lavalleja","","",\N
4333,"Maldonado",326,"Uruguay","Maldonado","","",\N
4334,"Montevideo",326,"Uruguay","Montevideo","","",\N
4335,"Paysandú",326,"Uruguay","Paysandú","","",\N
4336,"Río Negro",326,"Uruguay","Río Negro","","",\N
4337,"Rivera",326,"Uruguay","Rivera","","",\N
4338,"Rocha",326,"Uruguay","Rocha","","",\N
4339,"Slato",326,"Uruguay","Slato","","",\N
4340,"San José",326,"Uruguay","San José","","",\N
4341,"Soriano",326,"Uruguay","Soriano","","",\N
4342,"Tacuaremó",326,"Uruguay","Tacuaremó","","",\N
4343,"Treinta y Tres",326,"Uruguay","Treinta y Tres","","",\N
4344,"Aisén del General Carlos Ibáñez del Campo",332,"Chile","Aisén del General Carlos Ibáñez del Campo","","",\N
4345,"Antofagasta",332,"Chile","Antofagasta","","",\N
4346,"Atacama",332,"Chile","Atacama","","",\N
4347,"Bío-bío",332,"Chile","Bío-bío","","",\N
4348,"Coquimbo",332,"Chile","Coquimbo","","",\N
4349,"El Libertador General Bernardo O'Higgins",332,"Chile","El Libertador General Bernardo O'Higgins","","",\N
4350,"La Araucanía",332,"Chile","La Araucanía","","",\N
4351,"Los Lagos",332,"Chile","Los Lagos","","",\N
4352,"Magallanes y Antártica Chilena",332,"Chile","Magallanes y Antártica Chilena","","",\N
4353,"Maule",332,"Chile","Maule","","",\N
4354,"Santiago",332,"Chile","Santiago","","",\N
4355,"Tarapacá",332,"Chile","Tarapacá","","",\N
4356,"Valparaíso",332,"Chile","Valparaíso","","",\N
4357,"Alto Paraguay",326,"Paraguay","Alto Paraguay","","",\N
4358,"Alto Paraná",326,"Paraguay","Alto Paraná","","",\N
4359,"Amambay",326,"Paraguay","Amambay","","",\N
4360,"Asunción",326,"Paraguay","Asunción","","",\N
4361,"Boquerón",326,"Paraguay","Boquerón","","",\N
4362,"Caaguazú",326,"Paraguay","Caaguazú","","",\N
4363,"Caazapá",326,"Paraguay","Caazapá","","",\N
4364,"Canendiyú",326,"Paraguay","Canendiyú","","",\N
4365,"Central",326,"Paraguay","Central","","",\N
4366,"Chaco",326,"Paraguay","Chaco","","",\N
4367,"Concepción",326,"Paraguay","Concepción","","",\N
4368,"Cordillera",326,"Paraguay","Cordillera","","",\N
4369,"Guairá",326,"Paraguay","Guairá","","",\N
4370,"Itapúa",326,"Paraguay","Itapúa","","",\N
4371,"Misiones",326,"Paraguay","Misiones","","",\N
4372,"Neembucú",326,"Paraguay","Neembucú","","",\N
4373,"Nueva Asunción",326,"Paraguay","Nueva Asunción","","",\N
4374,"Paraguarí",326,"Paraguay","Paraguarí","","",\N
4375,"Presidente Hayes",326,"Paraguay","Presidente Hayes","","",\N
4376,"San Pedro",326,"Paraguay","San Pedro","","",\N
4377,"Amazonas",326,"Peru","Amazonas","","",\N
4378,"Ancash",326,"Peru","Ancash","","",\N
4379,"Apurímac",326,"Peru","Apurímac","","",\N
4380,"Arequipa",326,"Peru","Arequipa","","",\N
4381,"Ayacucho",326,"Peru","Ayacucho","","",\N
4382,"Cajamarca",326,"Peru","Cajamarca","","",\N
4383,"Callao",321,"Peru","Callao","","",\N
4384,"Cuzco",326,"Peru","Cuzco","","",\N
4385,"Huancavelica",326,"Peru","Huancavelica","","",\N
4386,"Huánuco",326,"Peru","Huánuco","","",\N
4387,"Ica",326,"Peru","Ica","","",\N
4388,"Junín",326,"Peru","Junín","","",\N
4389,"La Libertad",326,"Peru","La Libertad","","",\N
4390,"Lambayeque",326,"Peru","Lambayeque","","",\N
4391,"Lima",326,"Peru","Lima","","",\N
4392,"Loreto",326,"Peru","Loreto","","",\N
4393,"Madre de Dios",326,"Peru","Madre de Dios","","",\N
4394,"Moquegua",326,"Peru","Moquegua","","",\N
4395,"Pasco",326,"Peru","Pasco","","",\N
4396,"Piura",326,"Peru","Piura","","",\N
4397,"Puno",326,"Peru","Puno","","",\N
4398,"San Martín",326,"Peru","San Martín","","",\N
4399,"Tacna",326,"Peru","Tacna","","",\N
4400,"Tumbes",326,"Peru","Tumbes","","",\N
4401,"Ucayali",326,"Peru","Ucayali","","",\N
4402,"Azuay",321,"Ecuador","Azuay","","",\N
4403,"Bolívar",321,"Ecuador","Bolívar","","",\N
4404,"Cañar",321,"Ecuador","Cañar","","",\N
4405,"Carchi",321,"Ecuador","Carchi","","",\N
4406,"Chimborazo",321,"Ecuador","Chimborazo","","",\N
4407,"Cotopaxi",321,"Ecuador","Cotopaxi","","",\N
4408,"El Oro",321,"Ecuador","El Oro","","",\N
4409,"Esmeraldas",321,"Ecuador","Esmeraldas","","",\N
4410,"Galápagos",321,"Ecuador","Galápagos","","",\N
4411,"Guayas",321,"Ecuador","Guayas","","",\N
4412,"Imbabura",321,"Ecuador","Imbabura","","",\N
4413,"Loja",321,"Ecuador","Loja","","",\N
4414,"Los Ríos",321,"Ecuador","Los Ríos","","",\N
4415,"Manabí",321,"Ecuador","Manabí","","",\N
4416,"Morona-Santiago",321,"Ecuador","Morona-Santiago","","",\N
4417,"Napo",321,"Ecuador","Napo","","",\N
4418,"Pastaza",321,"Ecuador","Pastaza","","",\N
4419,"Pichincha",321,"Ecuador","Pichincha","","",\N
4420,"Tungurahua",321,"Ecuador","Tungurahua","","",\N
4421,"Zamora-Chinchipe",321,"Ecuador","Zamora-Chinchipe","","",\N
4422,"Federal District",328,"Venezuela","Federal District","","",\N
4423,"Anzoátegui",315,"Venezuela","Anzoátegui","","",\N
4424,"Apure",315,"Venezuela","Apure","","",\N
4425,"Aragua",315,"Venezuela","Aragua","","",\N
4426,"Barinas",315,"Venezuela","Barinas","","",\N
4427,"Bolívar",315,"Venezuela","Bolívar","","",\N
4428,"Carabobo",315,"Venezuela","Carabobo","","",\N
4429,"Cojedes",315,"Venezuela","Cojedes","","",\N
4430,"Falcón",315,"Venezuela","Falcón","","",\N
4431,"Guárico",315,"Venezuela","Guárico","","",\N
4432,"Lara",315,"Venezuela","Lara","","",\N
4433,"Mérida",315,"Venezuela","Mérida","","",\N
4434,"Miranda",315,"Venezuela","Miranda","","",\N
4435,"Monagas",315,"Venezuela","Monagas","","",\N
4436,"Nueva Esparta",315,"Venezuela","Nueva Esparta","","",\N
4437,"Portuguesa",315,"Venezuela","Portuguesa","","",\N
4438,"Sucre",315,"Venezuela","Sucre","","",\N
4439,"Táchira",315,"Venezuela","Táchira","","",\N
4440,"Trujillo",315,"Venezuela","Trujillo","","",\N
4441,"Yaracuy",315,"Venezuela","Yaracuy","","",\N
4442,"Zulia",315,"Venezuela","Zulia","","",\N
4443,"Amazonas",325,"Venezuela","Amazonas","","",\N
4444,"Delta Amacuro",325,"Venezuela","Delta Amacuro","","",\N
4445,"Nickerie",331,"Suriname","Nickerie","","",\N
4446,"Saramacca",331,"Suriname","Saramacca","","",\N
4447,"Brokopondo",331,"Suriname","Brokopondo","","",\N
4448,"Marowijne",331,"Suriname","Marowijne","","",\N
4449,"Commewijne",331,"Suriname","Commewijne","","",\N
4450,"Para",331,"Suriname","Para","","",\N
4451,"Suriname",331,"Suriname","Suriname","","",\N
4452,"Coronie",331,"Suriname","Coronie","","",\N
4453,"Essequibo",331,"Guyana","Essequibo","","",\N
4454,"Demerara",331,"Guyana","Demerara","","",\N
4455,"Berbice",331,"Guyana","Berbice","","",\N
4456,"Canal Zone",321,"Panama","Canal Zone","","",\N
4457,"Scotland",320,"Scotland","","","",\N
4458,"England",320,"England","","","",\N
4459,"Moldavia",320,"","","","",\N
4460,"Lithuania",320,"Lithuania","","","",\N
4461,"Slovakia",320,"","","","",\N
4462,"Bermuda",320,"Bermuda","","","",\N
4463,"Eritrea",320,"Eritrea","","","",\N
4464,"Palestinian Territory",320,"Palestinian Territory","","","",\N
4465,"Estonia",320,"Estonia","","","",\N
4466,"Croatia",320,"Croatia","","","",\N
4467,"Anhui",321,"China","","","",\N
4468,"Beijing",321,"China","","","",\N
4469,"Chongqing",321,"China","","","",\N
4470,"Fujian",321,"China","","","",\N
4471,"Gansu",321,"China","","","",\N
4472,"Guangdong",321,"China","","","",\N
4473,"Guangxi Zhuang",321,"China","","","",\N
4474,"Guizhou",321,"China","","","",\N
4475,"Hainan",321,"China","","","",\N
4476,"Hebei",321,"China","","","",\N
4477,"Heilongjiang",321,"China","","","",\N
4478,"Henan",321,"China","","","",\N
4480,"Hubei",321,"China","","","",\N
4481,"Inner Mongolia",321,"China","","","",\N
4482,"Jiangsu",321,"China","","","",\N
4483,"Jiangxi",321,"China","","","",\N
4484,"Jilin",321,"China","","","",\N
4486,"Ningxia Hui",321,"China","","","",\N
4487,"Qinghai",321,"China","","","",\N
4488,"Shaanxi",321,"China","","","",\N
4489,"Shandong",321,"China","","","",\N
4490,"Shanghai",321,"China","","","",\N
4491,"Shanxi",321,"China","","","",\N
4492,"Sichuan",321,"China","","","",\N
4493,"Tianjin",321,"China","","","",\N
4494,"Xinjiang Uygur",321,"China","","","",\N
4495,"Xisang",321,"China","","","",\N
4497,"Zhejiang",321,"China","","","",\N
4498,"Andaman and Nicobar",328,"India","","","",\N
4499,"Andhra Pradesh",315,"India","","","",\N
4500,"Arunachal Pradesh",315,"India","","","",\N
4501,"Assam",315,"India","","","",\N
4502,"Bihar",315,"India","","","",\N
4503,"Chandigarh",328,"India","","","",\N
4504,"Chhattisgarh",315,"India","","","",\N
4505,"Dadra and Nagar Haveli",328,"India","","","",\N
4506,"Daman and Diu",328,"India","","","",\N
4507,"Delhi",328,"India","","","",\N
4508,"Goa",315,"India","","","",\N
4509,"Gujarat",315,"India","","","",\N
4510,"Haryana",315,"India","","","",\N
4511,"Himachal Pradesh",315,"India","","","",\N
4512,"Jammu and Kashmir",315,"India","","","",\N
4513,"Jharkhand",315,"India","","","",\N
4514,"Karnataka",315,"India","","","",\N
4515,"Kerala",315,"India","","","",\N
4516,"Lakshadweep",328,"India","","","",\N
4517,"Madhya Pradesh",315,"India","","","",\N
4518,"Maharashtra",315,"India","","","",\N
4519,"Manipur",315,"India","","","",\N
4520,"Meghalaya",315,"India","","","",\N
4521,"Mizoram",315,"India","","","",\N
4522,"Nagaland",315,"India","","","",\N
4523,"Orissa",315,"India","","","",\N
4524,"Pindicherry",328,"India","","","",\N
4525,"Punjab",315,"India","","","",\N
4526,"Rajasthan",315,"India","","","",\N
4527,"Sikkim",315,"India","","","",\N
4528,"Tamil Nadu",315,"India","","","",\N
4529,"Tripura",315,"India","","","",\N
4530,"Uttar Pradesh",315,"India","","","",\N
4531,"Uttaranchal",315,"India","","","",\N
4532,"West Bengal",315,"India","","","",\N
4556,"Roraima",324,"Brazil","Roraima","","",\N
4557,"Tierra del Fuego",321,"Argentina","Tierra del Fuego","","",\N
4558,"Nunavut",325,"Canada","Nunavut","","",\N
4559,"Northwest Russia",327,"Russia","","","",\N
4560,"Central Russia",327,"Russia","","","",\N
4561,"Chernozem",327,"Russia","","","",\N
4562,"North Caucasus",327,"Russia","","","",\N
4563,"Volga",327,"Russia","","","",\N
4564,"Volga-Vyatka",327,"Russia","","","",\N
4565,"Urals",327,"Russia","","","",\N
4566,"West Siberia",327,"Russia","","","",\N
4567,"East Siberia",327,"Russia","","","",\N
4568,"Far East Russia",327,"Russia","","","",\N
4569,"Eastern Cape",321,"South Africa","Eastern Cape","","",\N
4570,"Free State",321,"South Africa","Free State","","",\N
4571,"Gauteng",321,"South Africa","Gauteng","","",\N
4573,"Mpumalanga",321,"South Africa","Mpumalanga","","",\N
4574,"Northern Cape",321,"South Africa","Northern Cape","","",\N
4575,"North West",321,"South Africa","North West","","",\N
4576,"Western Cape",321,"South Africa","Western Cape","","",\N
4577,"Corsica",143,"France","Corsica","","",\N
4578,"Styria",315,"Austria","Styria","","",\N
4579,"Crete",143,"Greece","","","",\N
4580,"Singapore",320,"Singapore","","","",\N
4581,"Balkan States",10,"","Balkan States","","",\N
4582,"Georgia",320,"Georgia","","","",\N
4583,"Latvia",320,"","","","",\N
4584,"Tyrol",315,"Austria","Tyrol","","",\N
4585,"Burgenland",315,"Austria","Burgenland","","",\N
4586,"Carinthia",315,"Austria","Carinthia","","",\N
4587,"Salzburg",315,"Austria","Salzburg","","",\N
4588,"Lower Austria",315,"Austria","Lower Austria","","",\N
4589,"Upper Austria",315,"Austria","Upper Austria","","",\N
4590,"Vorarlberg",315,"Austria","Vorarlberg","","",\N
4591,"Vienna",315,"Austria","Vienna","","",\N
4592,"Liechtenstein",320,"Liechtenstein","","","",\N
4593,"Northern Province",321,"South Africa","Northern Province","","",\N
4594,"KwaZulu-Natal",321,"South Africa","KwaZulu-Natal","","",\N
4595,"Mariana Islands",143,"U. S. A.","Mariana Islands","","",\N
4596,"Istria",208,"Croatia","","","",\N
4597,"Sumatra",143,"Indonesia","","","",\N
4598,"Java",143,"Indonesia","","","",\N
4599,"Bismark Archipelago",323,"Papua New Guinea","","","",\N
4600,"Kyrgyzstan",320,"Kyrgyzstan","","","",\N
4601,"West Indies",323,"","","","West Indies",\N
4602,"United Kingdom",143,"United Kingdom","","","",\N
4603,"Silesia",320,"Silesia","","","",\N
4604,"Sicily",143,"Italy","","","",\N
4605,"Campania",327,"Italy","","","",\N
4606,"Tuscany",327,"Italy","","","",\N
4607,"Elba",143,"Italy","","","",\N
4608,"Sardinia",143,"Italy","","","",\N
4609,"Zanzibar",143,"Tanzania","","","",\N
4610,"Lord Howe Island",143,"Australia","New South Wales","","",\N
4611,"Ryukyu Islands",323,"Japan","","","",\N
4612,"Wales",320,"Wales","","","",\N
